site,grassType,lat,lon,spNum,n,soc,pr_growing,srad_growing,vpd_growing,tmean_growing,p,soilMoist,soilBD,agb,BGB_0_10,BGB_10_20,BGB_20_30,BGB_0_30,prop_top10,AGB_BGB_0_30,AGB_BGB_0_10,NIRveos
ALT-018,Desert steppe,47.5,86.333333,5,0.058813,0.304168,29.44444444,2338.555556,141.4444444,18.87777778,0.438812,21.66666667,1.7489,36.82,1693.249811,,,,,,45.98723007,241.2160645
ALT-002,Desert steppe,47.566667,86.333333,8,0.054304,0.339617,30.55555556,2333.444444,142.7777778,18.88333333,0.384629,23.44444444,1.641933,10.873333,1655.232113,,,,,,152.2285865,244.229187
ALT-027,Lowland meadows,47.933333,86.3,7,0.026141,0.177077,28.77777778,2351.333333,153.8888889,20.38888889,0.311189,41.88888889,1.347133,40.56,2361.971383,,,,,,58.23400846,245.7263184
ALT-033,Temperate steppe,48.433333,86.716667,9,0.219495,1.903228,36,2297.444444,108.4444444,15.56111111,1.015689,34.77777778,1.509667,34.686667,2811.360078,,,,,,81.05016484,248.4052734
XJYL-P056,Mountain meadows,43.770298,83.639137,13,0.634222,5.917617,54.77777778,2296.111111,47.44444444,10.32777778,1.194565,111.3333333,0.804133,91.666667,1005.82,504.93,373.5,1884.25,167.5529725,20.55545447,10.97258178,289.6095886
ALT-028,Mountain meadows,48.916667,86.833333,8,0.435287,4.519584,43.11111111,2251,75.44444444,11.95555556,1.759337,57.88888889,1.064467,158.836667,1986.66846,,,,,,12.50761866,249.854126
NMG-P142,Temperate meadow steppe,45.6515,119.859889,13,0.281663,3.265252,71.66666667,2255,88.33333333,16.23333333,0.62473,162.2222222,0.98,199.006667,1688.46,100.35,77.95,1866.76,16.55297247,9.380389251,8.484439368,279.8971863
ALT-010,Temperate steppe,47.25,86.333333,7,0.122453,0.891376,36.44444444,2275.555556,123,16.72777778,0.352852,128.6666667,1.4964,27.843333,2115.343748,,,,,,75.97307937,249.9801025
NMG-P197,Lowland meadows,50.594139,120.141028,14,0.399713,4.467289,89.44444444,2005.555556,65.55555556,14.68333333,1.03046,43.55555556,1.19,77.663333,1970.46,171.48,88.34,2230.28,113.5529725,28.71728413,25.37181864,250.3717346
NMG-P080,Temperate steppe,42.906417,114.558333,6,0.056517,0.440909,41.88888889,2411.666667,138,18.85,0.678236,19.22222222,1.57,162.5396,985.6,397.76,307.64,1691,96.55297247,10.40361856,6.063753079,290.4252777
XJYL-P055,Temperate steppe,43.721074,83.919329,14,0.929181,8.980371,51.55555556,2298.444444,53.55555556,11.15,0.31995,11.55555556,0.7755,305.666667,2512.75,593.04,382.17,3487.96,52.55297247,11.41099235,8.220556152,251.0694427
XJYL-P065,Mountain meadows,43.165208,83.925951,12,0.368327,3.315183,71,2161,26.22222222,5.794444444,0.920213,73.55555556,0.497333,68.666667,1657.97,385.83,112.37,2156.17,209.5529725,31.40053383,24.14519406,252.1203003
XJYL-P120,Temperate steppe,42.685694,80.353704,15,0.481186,4.336175,44,2357.666667,114.4444444,15.08333333,0.465213,42.55555556,0.8876,282.166667,1253.62,349.46,273.46,1876.54,55.55297247,6.650466619,4.442835199,292.6401367
XJYL-P072,Mountain meadows,43.150561,84.371512,13,0.445836,3.740666,59.22222222,2220.777778,40.33333333,8.405555556,1.286421,69.33333333,0.992067,167.376667,1181.74,435.32,203.65,1820.71,103.5529725,10.87792004,7.06036284,282.7004089
XJYL-P083,Temperate steppe,43.172552,82.609932,16,0.301066,2.582235,37.44444444,2366.777778,125.1111111,17.95,0.258119,110.5555556,1.009033,130.53,1076.3,666.7,566.46,2309.46,245.5529725,17.69294415,8.245614035,273.55896
XJYL-P137,Mountain meadows,43.207398,81.303211,11,0.588221,5.574751,43.33333333,2343.333333,101.1111111,14.81666667,1.11067,168,0.870167,49.356667,1496.6,651.67,334.21,2482.48,233.5529725,50.2967512,30.32214473,254.927948
ALT-029,Mountain meadows,48.833333,86.916667,8,0.502636,4.623523,40.55555556,2259.333333,69.44444444,11.47222222,0.947852,43.11111111,0.9176,85.166667,3798.845432,,,,,,44.60483856,255.0505829
ALT-184,Mountain meadows,47.133333,90.233333,12,0.374538,3.576232,20.11111111,2215.888889,55.44444444,9.327777778,1.50792,52.77777778,0.904133,81.14,2975.128627,,,,,,36.66660866,255.2542114
XJYL-P007,Mountain meadows,43.476233,81.301039,6,0.396032,3.555614,49.66666667,2289.777778,90.55555556,13.55,1.684046,98.77777778,0.803933,306.666667,1535.28,1097.13,949.13,3581.54,109.5529725,11.67893477,5.006347821,295.5174561
XJYL-P030,Temperate steppe,44.356395,80.457323,7,0.199218,1.686996,31.44444444,2333.111111,166.2222222,19.46666667,0.457633,159.2222222,1.169067,319,1454.71,836.55,623.37,2914.63,89.55297247,9.13677116,4.560219436,295.7294006
NMG-P141,Temperate meadow steppe,45.399139,119.642194,13,0.227507,2.41615,67.66666667,2283.777778,90.44444444,16.37777778,0.810088,52.33333333,1.18,268.63,1934.55,689.52,413.36,3037.43,88.55297247,11.30711387,7.201541153,295.8568573
NMG-P138,Lowland meadows,45.264694,119.970667,6,0.133536,1.224777,69.77777778,2294.666667,94.66666667,17.31111111,0.369424,41,1.37,85.58,717.25,419.43,153.68,1290.36,140.5529725,15.07782192,8.381046974,295.8917389
NMG-P124,Lowland meadows,44.861183,118.592093,8,0.202341,1.948148,54.77777778,2313.111111,99.77777778,17.06111111,0.470145,60,1.27,296.006667,1905.63,181.69,121.9,2209.22,67.55297247,7.463412978,6.437794187,295.9862976
NMG-P167,Temperate steppe,48.722389,119.759222,6,0.172815,1.758259,81.77777778,2066.222222,84,16.46111111,0.384939,42.88888889,1.35,87.146667,744.4,227.05,128.54,1099.99,119.5529725,12.62228422,8.541921632,296.5386353
NMG-P053,Desert steppe,41.952444,110.128222,6,0.152287,1.155347,42,2439.666667,144.7777778,18.69444444,0.421082,18.66666667,1.62,125.47,1510.75,809.97,552.31,2873.03,260.5529725,22.89814298,12.04072687,296.5585938
ALT-022,Temperate steppe,47.266667,85.883333,7,0.176861,1.44913,43.33333333,2264.333333,116.4444444,16.08333333,0.259015,39.77777778,1.3628,49.956667,2369.769886,,,,,,47.43650904,256.7914429
ALT-098,Mountain meadows,47.966667,88.866667,6,0.261483,2.40843,23.55555556,2203.888889,42.66666667,6.888888889,1.193215,109,0.8514,133.423333,1995.441775,,,,,,14.95571824,257.3965454
NMG-P178,Temperate steppe,48.770639,116.808833,7,0.167906,1.349772,47.22222222,2182.555556,106.7777778,18.00555556,0.674666,48.22222222,1.36,265.436667,731.4,375.23,189.78,1296.41,32.55297247,4.884065245,2.755459554,307.8469849
ALT-198,Desert steppe,46.15,90.95,4,0.031755,0.179796,12,2349.222222,136.2222222,17.83888889,0.882692,17.55555556,1.6478,2.6872,342.080988,,,,,,127.3001593,258.0202026
NMG-P135,Temperate meadow steppe,46.271694,122.236972,6,0.136725,1.343041,93.44444444,2233.888889,98.22222222,19.27777778,0.452362,164.1111111,1.31,96.173333,1213.22,1010.44,465.07,2688.73,199.5529725,27.95712612,12.61493142,258.4306335
ALT-093,Mountain meadows,47.95,88.4,6,0.395477,4.180645,30.22222222,2177.888889,45.55555556,6.938888889,0.892461,70.55555556,0.778133,72.723333,2160.835012,,,,,,29.71309101,258.520874
XJYL-P003,Temperate steppe,43.518493,81.125534,9,0.270324,2.430751,36.44444444,2339.222222,158.3333333,19.40555556,0.934138,28.22222222,1.088667,202.296667,1287.75,567.33,424.05,2279.13,107.5529725,11.26627558,6.365651096,298.6071167
XJYL-P140,Mountain meadows,43.074943,80.645597,14,0.827037,7.723635,49.33333333,2311.333333,93.22222222,13.52222222,1.15238,334.5555556,0.6982,358.286667,1800.69,884.68,594.33,3279.7,68.55297247,9.153843283,5.025835918,278.6726074
XJYL-P037,Temperate meadow steppe,43.960341,82.363197,7,0.261002,2.333166,46.11111111,2325.888889,126.6666667,17.49444444,0.698912,132.1111111,1.215333,137.756667,1148.23,448.03,285.11,1881.37,132.5529725,13.65719744,8.335204568,259.0048218
NMG-P183,Temperate steppe,47.994361,117.586333,8,0.127647,1.022198,48.77777778,2174.444444,106,17.95555556,0.292064,6.111111111,1.52,264.556667,1875.3,584.66,298.68,2758.64,97.55297247,10.42740684,7.08846245,259.1544189
XJYL-P128,Temperate steppe,42.912737,81.284295,13,0.674113,6.221623,36.11111111,2392.333333,121.6666667,16.73333333,0.24039,11.22222222,0.923467,93.18,1057.82,530.64,476.05,2064.51,174.5529725,22.15614939,11.35243615,259.1544189
ALT-097,Mountain meadows,48.05,88.933333,7,0.481205,4.549411,21,2216.888889,47.77777778,7.85,1.523131,69.33333333,0.956833,201.333333,1479.440873,,,,,,7.348216269,259.2810059
ALT-096,Mountain meadows,48.05,88.933333,7,0.648927,6.15342,21,2216.888889,47.77777778,7.85,1.215072,73.55555556,0.718367,192.07,2481.873356,,,,,,12.92171269,259.2810059
XJYL-P054,Mountain meadows,43.666893,84.280206,14,0.919208,8.648913,62.22222222,2234.555556,42.77777778,8.238888889,0.651434,31.88888889,0.761633,369.666667,2804.79,764.07,100.2,3669.06,41.55297247,9.925320099,7.587348956,259.7523499
NMG-P191,Temperate meadow steppe,49.58925,119.716,11,0.298146,3.166343,83.77777778,2056.888889,74.44444444,15.57222222,0.315973,52.22222222,1.04,75.816667,1676.85,545.66,511,2733.51,218.5529725,36.05420956,22.11716851,260.1309814
NMG-P065,Temperate steppe,41.665278,112.107083,4,0.171434,1.469674,48.55555556,2422.444444,116,16.55,0.374278,22.22222222,1.53,340.813333,1027.26,340.04,188.37,1555.67,230.5529725,4.564580811,3.014142642,280.2018433
ALT-034,Temperate steppe,48.283333,86.733333,8,0.225062,2.249797,34.22222222,2305.333333,120.2222222,16.77222222,2.183685,42.22222222,1.281933,65.416667,4272.604446,,,,,,65.3136982,260.4121094
XJYL-P034,Temperate steppe,43.97073,82.041172,13,0.150781,1.32812,35.88888889,2357.777778,154.8888889,19.87777778,1.146012,21.66666667,1.172033,137.6,1685.57,513.47,200.71,2399.75,153.5529725,17.4400436,12.24978198,260.4244995
XJYL-P052,Mountain meadows,43.691819,84.422383,13,0.72023,6.500061,77.22222222,2168.444444,26.88888889,4.95,0.855846,36.88888889,0.502533,152.333333,1452.71,411.16,127.96,1991.83,122.5529725,13.07547049,9.536389518,260.4451904
XJYL-P029,Temperate steppe,44.379606,80.445186,8,0.187708,1.561192,35.77777778,2313.888889,155.4444444,18.41111111,0.482817,8.555555556,1.175967,204.853333,1702.78,504.37,317.63,2524.78,115.5529725,12.32481778,8.312190849,260.4626465
NMG-P155,Temperate meadow steppe,46.603678,118.849173,9,0.121236,1.054361,59,2192.444444,89.77777778,16.10555556,0.384381,65,1.43,132.033333,759.42,285.11,265.18,1309.71,93.55297247,9.919540545,5.751729376,290.4863281
ALT-015,Temperate steppe,47.266667,85.75,9,0.251275,2.14582,46.88888889,2245.555556,111.2222222,15.51111111,0.766712,37.11111111,1.253933,36.573333,2473.100041,,,,,,67.62030797,260.5501709
ALT-056,Lowland meadows,48.416667,87.1,12,0.554551,5.037106,39.66666667,2220.555556,62.22222222,9.905555556,1.309836,291.3333333,0.425433,346.056667,2941.335117,,,,,,8.499576507,260.6860352
XJYL-P073,Mountain meadows,43.172746,84.360264,14,0.868283,9.04006,51.66666667,2259.333333,46.88888889,9.894444444,1.044651,289.1111111,0.5456,111.23,1828.17,181.12,120.46,2129.75,95.55297247,19.14726243,16.43594354,260.8035583
NMG-P038,Desert steppe,41.390167,108.476028,6,0.113802,0.803402,39.11111111,2387.777778,164.7777778,20.61111111,0.392927,22.22222222,1.48,68.7925,972.02,450.05,336.81,1758.88,191.5529725,25.56790348,14.12973798,260.8207397
NMG-P015,Desert steppe,37.727528,106.447972,5,0.065227,0.483086,42.11111111,2243.111111,136.2222222,21.09444444,0.367931,25.55555556,1.37,320.52,1186.65,697.6,381.59,2265.84,246.5529725,7.069262449,3.702265069,280.9079285
XJYL-P118,Mountain meadows,42.651529,80.224885,7,0.614606,5.703071,56.33333333,2304.555556,88.33333333,11.45,0.447573,30.55555556,1.077667,159.04,925.52,811.13,431.85,2168.5,131.5529725,13.63493461,5.819416499,261.0048523
NMG-P063,Temperate steppe,41.237222,112.956833,7,0.170676,1.437646,64.77777778,2389.555556,108.3333333,16.42222222,0.394007,45.77777778,1.47,263.07,960.35,914.24,225.72,2100.31,73.55297247,7.983844604,3.650549283,281.1325989
ALT-011,Mountain meadows,47.183333,85.65,11,0.439545,4.227037,63.66666667,2164.666667,46.66666667,7.727777778,1.818191,68.44444444,0.6579,248.836667,4643.033305,,,,,,18.65895955,261.2315979
ALT-062,Mountain meadows,48.716667,86.95,15,0.787506,7.579102,40.22222222,2254.444444,56.11111111,9.9,1.010851,11.22222222,0.538067,100.996667,2674.078493,,,,,,26.47689842,261.4388123
NMG-P126,Temperate meadow steppe,44.347889,118.9465,7,0.153008,1.451131,59.66666667,2319.333333,107.1111111,18.18333333,0.450697,165,1.25,142.046667,748.73,321.5,211.45,1281.68,87.55297247,9.022950183,5.271014208,261.4938049
NMG-P113,Temperate steppe,43.198694,118.291722,8,0.074887,0.51807,58,2353.888889,119.8888889,19.83888889,0.752539,33.33333333,1.21,342.440833,1316.93,435.89,196.72,1949.54,43.55297247,5.693071071,3.845715444,261.6989746
XJYL-P130,Temperate steppe,42.742591,80.929792,15,0.72781,6.53619,47.11111111,2347.222222,81.44444444,12.20555556,0.450438,32.33333333,0.994,117.89,1487.07,864.57,413.65,2765.29,263.5529725,23.45652727,12.61404699,261.7468567
XJYL-P049,Temperate steppe,43.846813,82.702595,7,0.211578,1.862789,38.22222222,2362.555556,149.5555556,19.70555556,0.497734,67.33333333,1.057767,46.51,686.92,392.56,165.23,1244.71,195.5529725,26.76220168,14.76929693,261.8358459
NMG-P118,Desert steppe,43.650694,116.646944,6,0.089705,0.821167,48.22222222,2355.333333,106.7777778,17.20555556,0.257867,9.444444444,1.67,157.84,939.89,148.1,268.59,1356.58,79.55297247,8.594652813,5.954700963,261.8663635
NMG-P189,Temperate steppe,48.925222,119.041139,9,0.151236,1.320943,74.22222222,2096,85.44444444,16.35,0.632295,28.33333333,1.25,365.4,1084.52,740.07,430.64,2255.23,49.55297247,6.17194855,2.96803503,261.9918823
XJYL-P013,Temperate meadow steppe,44.04116,81.843643,12,0.287461,2.517372,44.44444444,2319.333333,118.7777778,16.73888889,0.138064,40.33333333,1.246067,207.36,1075.44,572.24,518.51,2166.19,99.55297247,10.44651813,5.186342593,262.3203735
ALT-014,Temperate steppe,47.233333,85.716667,9,0.533023,4.642203,54.22222222,2209.111111,83.88888889,12.46666667,0.97561,40.55555556,1.209833,240.216667,4392.506419,,,,,,18.28560222,262.3293762
ALT-155,Mountain meadows,47.321158,90.025755,7,0.151283,1.385629,16.88888889,2266.444444,73.77777778,11.77777778,1.533421,34.88888889,0.9036,260.433333,1545.403205,,,,,,5.933968541,262.3742676
ALT-156,Temperate steppe,47.250554,89.939174,13,0.051655,0.419815,15.33333333,2308.444444,108.6666667,15.31111111,0.479587,23.11111111,1.0998,237.916667,2222.573155,,,,,,9.341813598,262.4220581
ALT-009,Temperate steppe,47.133333,86.583333,8,0.215991,1.632761,35.55555556,2260.444444,125.8888889,17.00555556,1.126937,56.66666667,1.212667,42.843333,3735.482601,,,,,,87.18935572,262.5793152
NMG-P186,Lowland meadows,48.0355,118.527889,9,0.156255,1.343633,60.77777778,2131.111111,95,17.02777778,0.099586,36.66666667,1.34,303.106667,1297.86,435.32,364.83,2098.01,58.55297247,6.921688727,4.281858967,262.7718811
NMG-P117,Temperate steppe,43.406944,116.896833,6,0.186908,1.62309,52.66666667,2351.333333,101.2222222,16.87222222,1.217432,54.77777778,1.14,354.17,821.68,236.43,119.84,1177.95,15.55297247,3.325945168,2.320015812,262.7884521
XJYL-P023,Desert steppe,44.031745,81.479716,6,0.100019,0.697189,26.44444444,2374.666667,171.5555556,21.22222222,0.706615,41.77777778,1.306733,510.8,1333.68,1037.88,323.24,2694.8,236.5529725,5.275646045,2.610963195,262.789978
NMG-P119,Temperate steppe,43.915944,116.366833,7,0.123887,1.008576,43.55555556,2362.555556,111.8888889,17.38333333,0.609033,10.88888889,1.49,117.71,1171.63,610.95,400.36,2182.94,157.5529725,18.54506839,9.953529862,262.9641724
NMG-P140,Temperate meadow steppe,45.199444,119.246194,7,0.167008,1.800432,62,2295.555556,92.44444444,16.49444444,0.302474,45.55555556,1.23,269.236667,1602.59,1277.15,703.83,3583.57,127.5529725,13.31011129,5.952346751,262.9976807
XJYL-P141,Mountain meadows,43.031477,80.497203,13,0.68993,6.920831,54,2315.555556,84.11111111,12.18333333,0.905979,10,0.725167,131.294333,825.28,375.23,365.99,1566.5,111.5529725,11.93120803,6.285724457,263.0243225
ALT-151,Mountain meadows,47.55,89.4,8,0.381927,3.481653,19.77777778,2226.444444,55.88888889,9.133333333,1.06566,139,0.955967,167.22,1989.267961,,,,,,11.89611267,263.2974243
NMG-P144,Temperate meadow steppe,45.759861,119.491333,7,0.111632,1.012278,64.66666667,2259.555556,91.55555556,16.43333333,0.268461,34.55555556,1.27,150.12,1069.5,699.34,775.31,2544.15,148.5529725,16.94744205,7.12430056,263.5810852
NMG-P026,Desert steppe,38.9225,107.565972,6,0.04444,0.286912,48.11111111,2257.888889,153.7777778,20.75,0.439036,24.44444444,1.56,114.184,632.63,160.23,86.45,879.31,264.5529725,7.700816226,5.540443495,263.6888123
ALT-150,Lowland meadows,47.516667,89.466667,7,0.573352,5.59562,19.55555556,2227.444444,50.33333333,8.388888889,0.375982,71.55555556,0.618967,114.81,1216.566358,,,,,,10.5963449,263.698761
NMG-P095,Temperate steppe,44.299139,115.045833,6,0.174017,1.475587,34.66666667,2380.666667,126.6666667,17.77777778,0.340966,124.3333333,1.32,554.063333,2007.1,558.61,268.26,2833.97,235.5529725,5.114884583,3.622510064,263.7500305
XJYL-P098,Temperate steppe,43.108515,81.898042,9,0.174345,1.314959,33.66666667,2387.111111,159.2222222,19.96666667,0.329982,24.44444444,1.095033,116.32,1093.92,605.75,387.94,2087.61,262.5529725,17.94712861,9.404401651,263.7711182
NMG-P060,Temperate steppe,40.841778,113.923278,7,0.144156,1.272295,65.11111111,2366.111111,114.4444444,18.31111111,0.273308,10.33333333,1.45,298.141667,872.65,418.85,266.33,1557.83,38.55297247,5.22513346,2.926964248,264.0890808
NMG-P099,Temperate steppe,44.822528,115.782194,8,0.126656,0.984039,34.66666667,2361.444444,129.7777778,18.56111111,0.471031,27.44444444,1.34,141.433333,988.78,533.82,336.24,1858.84,123.5529725,13.14287064,6.991138362,264.1256714
XJYL-P022,Temperate steppe,44.077071,81.527113,14,0.302602,2.826915,29.55555556,2361.777778,167.2222222,20.77222222,1.003581,33.55555556,1.229033,177.846667,1816.13,256.57,139.65,2212.35,118.5529725,12.43964836,10.21177417,264.3987122
ALT-019,Mountain meadows,47.183333,86.1,9,0.554631,5.174429,46.33333333,2239.777778,90.66666667,13.2,0.997864,45.55555556,0.698467,137.286667,3605.8325,,,,,,26.26498682,264.5083313
ALT-149,Mountain meadows,47.433333,89.416667,8,0.350755,3.479485,19,2246.111111,69.22222222,10.80555556,0.936254,143.3333333,1.106667,52.83,1241.261616,,,,,,23.49539307,264.6087646
NMG-P194,Lowland meadows,50.199222,119.537333,13,0.241339,2.619157,81.33333333,2061.111111,78.33333333,16.03888889,0.489042,254.8888889,1.13,42.4,715.8,227.02,111.07,1053.89,188.5529725,24.85589623,16.88207547,264.7385559
NMG-P180,Temperate steppe,48.52675,116.668333,6,0.130936,1.062947,43,2199.555556,108.5555556,18.09444444,0.321047,28.77777778,1.37,128.506667,880.13,359.2,154.27,1393.6,102.5529725,10.84457353,6.848905357,264.9522095
ALT-030,Mountain meadows,48.75,86.883333,10,0.653391,6.384793,42,2249.333333,57.22222222,9.616666667,1.284957,249.5555556,0.962633,57.42,2233.296095,,,,,,38.89404554,265.1708984
XJYL-P125,Temperate steppe,42.578872,81.180959,6,0.339033,2.428232,48.55555556,2319.888889,79.11111111,10.59444444,1.737525,46.66666667,0.974533,87.8,623.37,316.3,223.87,1163.54,126.5529725,13.25216401,7.099886105,265.197876
NMG-P100,Temperate steppe,44.5975,115.857583,7,0.128353,1.035522,36.11111111,2362,127.1111111,18.36666667,0.234311,8.777777778,1.6,228.173333,1496.02,768.38,555.19,2819.59,117.5529725,12.35722844,6.556506759,265.3600159
ALT-021,Temperate steppe,47.25,85.883333,9,0.177121,1.287517,47.22222222,2245.666667,97.88888889,14.07777778,0.193991,17.55555556,1.275267,30.92,2244.019036,,,,,,72.57500116,265.4058228
NMG-P168,Lowland meadows,49.34475,119.464667,7,0.187259,1.825327,78.44444444,2086,77.22222222,16.04444444,0.383956,128.6666667,1.25,237.73,857.4,420.58,177.33,1455.31,48.55297247,6.121692677,3.606612544,265.5400391
XJYL-P094,Mountain meadows,42.919305,81.736303,13,0.523032,4.818071,43.11111111,2348.666667,110.6666667,15.48888889,0.725607,78.88888889,0.782267,169,1038.86,523.13,416.83,1978.82,100.5529725,11.70899408,6.147100592,265.664856
NMG-P085,Temperate steppe,42.358583,113.492361,6,0.107473,0.74416,43.11111111,2436.666667,140.7777778,18.82222222,0.285189,27.44444444,1.51,49.273467,676.83,138.35,118.22,933.4,161.5529725,18.94325804,13.73619599,265.8544617
ALT-031,Mountain meadows,48.683333,86.766667,12,0.779077,7.64744,38.55555556,2282.888889,67.22222222,11.86666667,1.222642,48.77777778,0.730467,444.84,4029.876062,,,,,,9.059158488,265.9432068
ALT-154,Mountain meadows,47.366667,89.633333,7,0.26492,2.46777,16.66666667,2275.666667,99.22222222,14.31111111,0.862299,31.55555556,1.219733,98.616667,2194.642646,,,,,,22.25427722,265.9675293
NMG-P105,Temperate steppe,45.098806,116.520167,6,0.123971,1.018225,34.11111111,2339,127.1111111,18.88333333,0.557569,29.55555556,1.59,128.333333,1452.38,885.01,593.36,2930.75,259.5529725,22.83701305,11.31724678,265.9766541
XJYL-P145,Mountain meadows,43.280399,81.07244,9,0.572287,4.980263,55.88888889,2261.666667,71.77777778,11.11666667,0.919886,18.11111111,0.9987,55.616667,1489.95,713.2,414.52,2617.67,232.5529725,47.0662868,26.78963124,266.1062317
ALT-153,Mountain meadows,47.6,89.716667,7,0.345799,3.324014,17,2253.222222,62.44444444,10.47777778,0.979443,72,1.058833,115.64,2111.769435,,,,,,18.2615828,266.2537842
NMG-P176,Temperate steppe,49.479806,117.210917,8,0.166241,1.608208,60.11111111,2149,88.44444444,16.16666667,0.384967,83.11111111,1.3,424.359167,1013.33,623.37,339.41,1976.11,28.55297247,4.656692146,2.387906469,266.2605591
XJYL-P019,Mountain meadows,44.264347,81.723468,10,0.396463,3.713108,47.77777778,2295.222222,94.44444444,14.40555556,1.114646,60.66666667,0.872733,78.55,1190.69,587.84,393.72,2172.25,198.5529725,27.65436028,15.15837046,266.4527893
XJYL-P071,Mountain meadows,43.270076,84.456487,15,0.639233,5.487734,49.77777778,2282.888889,50.88888889,10.22777778,1.244045,205.5555556,0.9975,138.84,1592.69,840.19,284.18,2717.06,247.5529725,19.56972054,11.47140593,266.5501709
NMG-P170,Temperate steppe,49.358694,118.934528,11,0.14897,1.371314,74.55555556,2097.222222,87,16.6,0.353397,9.222222222,1.32,48.896667,903.85,426.65,226.47,1556.97,211.5529725,31.84204764,18.4849,266.6695862
NMG-P074,Desert steppe,44.159583,112.060417,5,0.054737,0.370998,26.11111111,2429.666667,157.8888889,19.87222222,0.461757,4,1.58,48.896267,725.05,199.32,0,924.37,160.5529725,18.90471516,14.82833035,266.6844482
NMG-P096,Lowland meadows,44.673417,115.085972,6,0.143514,1.165515,36.44444444,2335.444444,124.6666667,17.77222222,0.292054,19.77777778,1.4,131.453333,2084.07,565.75,320.55,2970.37,257.5529725,22.59638407,15.85406739,266.7287292
ALT-045,Temperate steppe,48.25,86.316667,7,0.134003,1.230101,36.22222222,2316.222222,131.4444444,18.13888889,0.994176,43.55555556,1.3108,48.13,2452.628973,,,,,,50.95842454,266.8352661
NMG-P148,Temperate steppe,45.705806,117.174083,6,0.115119,0.926202,36.88888889,2284.222222,104.7777778,16.91111111,0.98794,34.44444444,1.44,104.66,952.67,766.64,598.24,2317.55,173.5529725,22.14360787,9.102522454,266.9837952
ALT-152,Mountain meadows,47.633333,89.75,7,0.434804,4.257547,18.44444444,2225.222222,57.55555556,9.655555556,1.749937,234.6666667,0.918467,122.136667,2232.971158,,,,,,18.28256176,267.0028076
NMG-P164,Lowland meadows,47.933111,119.536472,11,0.10691,1.128433,77.88888889,2085.888889,79.77777778,15.6,0.393005,190.7777778,1.35,30.22,544.26,324.18,280.38,1148.82,224.5529725,38.01522171,18.0099272,267.107605
XJYL-P063,Mountain meadows,43.411275,84.37586,9,0.312494,2.843123,58.33333333,2223.666667,45.11111111,9.155555556,1.129774,228.2222222,0.740533,102,737.23,370.89,93.53,1201.65,110.5529725,11.78088235,7.227745098,267.1135254
NMG-P102,Lowland meadows,43.947556,115.697972,6,0.13423,0.994617,39.44444444,2371,129.4444444,18.44444444,0.287791,4,1.58,314.003333,1662.69,614.41,414.52,2691.62,77.55297247,8.571947228,5.295134877,267.5862122
XJYL-P020,Mountain meadows,44.196973,81.618294,8,0.137931,1.007454,47.55555556,2309.555556,105,15.15,1.385603,36.11111111,0.8766,304.326667,1338.59,859.66,578.88,2777.13,252.5529725,9.125490143,4.398530083,267.6522217
XJYL-P038,Temperate meadow steppe,43.76419,82.368094,7,0.191225,1.62787,34.44444444,2363.444444,160.2222222,20.55555556,0.252101,90,1.1237,135.62,1240.38,801.34,259.22,2300.94,149.5529725,16.9660817,9.145996166,267.8687134
NMG-P133,Temperate meadow steppe,46.737833,122.61775,6,0.226432,2.240619,95.11111111,2204.777778,101,19.88888889,0.389987,32.22222222,1.31,86.756667,1230.56,366.57,352.7,1949.83,177.5529725,22.47469926,14.1840396,267.9310303
NMG-P174,Temperate steppe,49.164444,117.393694,7,0.076352,0.667376,57.11111111,2155.555556,91.88888889,17.01111111,0.080983,66.22222222,1.31,212.726667,1229.59,909.69,546.92,2686.2,120.5529725,12.62747185,5.78014039,267.9540405
NMG-P098,Temperate steppe,44.987944,115.370889,5,0.068737,0.582983,35.11111111,2349.444444,111.1111111,16.71666667,0.6782,14.11111111,1.28,83.54,1592.04,687.87,325.42,2605.33,208.5529725,31.18661719,19.0572181,268.1333923
XJYL-P105,Temperate steppe,42.910241,81.627124,12,0.351336,3.159454,47.33333333,2331.666667,78.88888889,12.20555556,0.488314,56.66666667,0.842467,113.53,837.41,666.12,0,1503.53,125.5529725,13.24345988,7.376112041,268.2293701
XJYL-P117,Mountain meadows,42.632355,80.20756,5,0.570584,5.050234,56.22222222,2302.777778,89.33333333,11.57777778,1.337243,65.33333333,1.1559,183.666667,1478.04,651.82,138.35,2268.21,116.5529725,12.3496007,8.047404704,268.2598877
XJYL-P009,Desert steppe,43.687908,80.84295,5,0.081961,1.018086,21.66666667,2401.111111,192.2222222,22.43333333,0.817225,44.77777778,1.5167,78.696667,1364.37,399.47,182.52,1946.36,187.5529725,24.73243244,17.33707477,268.265625
NMG-P110,Lowland meadows,44.376639,117.650611,6,0.170161,1.464568,49.22222222,2321.222222,101.7777778,17.11111111,0.433,49.66666667,1.2,233.026667,783.03,503.72,279.95,1566.7,56.55297247,6.723264853,3.360259193,268.3161011
ALT-055,Mountain meadows,48.416667,87.2,11,0.416167,3.865508,40.44444444,2207.444444,56,8.927777778,1.627119,278.2222222,0.943533,207.08,1359.213963,,,,,,6.563714328,268.3508606
NMG-P181,Temperate steppe,48.508,117.071111,5,0.082852,0.596296,47,2182.333333,107.2222222,18.09444444,0.284045,47.66666667,1.47,373.396667,728.51,326.99,164.65,1220.15,14.55297247,3.267704583,1.951035091,268.5401611
NMG-P057,Temperate steppe,39.809738,111.93162,5,0.059734,0.390992,89.22222222,2348.777778,93.55555556,16.51111111,0.621946,17.44444444,1.56,111.333333,1841.46,466.37,266.96,2574.79,179.5529725,23.12685636,16.54005993,268.6051941
XJYL-P092,Temperate steppe,43.286916,81.811575,9,0.15675,1.323462,34.88888889,2366.666667,153.1111111,19.68888889,0.998265,57.88888889,1.193733,65.92,888.25,227.67,199.41,1315.33,164.5529725,19.9534284,13.47466626,268.6234741
NMG-P023,Temperate steppe,37.833722,108.083472,7,0.036896,0.199385,70.33333333,2241.222222,129.1111111,20.22777778,0.352676,17.88888889,1.54,59.16,1229.98,446.58,278.46,1955.02,213.5529725,33.04631508,20.79073698,268.7185669
XJYL-P028,Mountain meadows,44.410706,80.433457,9,0.213675,1.789529,35.77777778,2313.888889,155.4444444,18.41111111,1.013221,240.2222222,0.903767,200.81,1580.95,360.79,154.83,2096.57,98.55297247,10.44056571,7.872864897,268.7209167
XJYL-P059,Mountain meadows,43.506432,84.437398,11,0.222957,1.942101,72.22222222,2173.333333,30.11111111,5.777777778,1.559979,251.6666667,1.125167,64.333333,858.5,361.08,199.89,1419.47,172.5529725,22.06430063,13.34455965,268.943512
ALT-185,Temperate steppe,47.033333,90.25,11,0.202316,1.798197,17.44444444,2264,75.22222222,11.97222222,0.34152,10,1.2512,51.76,1739.39095,,,,,,33.60492562,268.9557495
XJYL-P011,Mountain meadows,43.392535,81.047564,11,0.422168,4.007313,71.55555556,2197.111111,46.66666667,7.016666667,0.769075,45.44444444,0.6169,202.85,985.6,502.33,299.84,1787.77,251.5529725,8.81326103,4.858762632,268.9577942
XJYL-P006,Temperate steppe,43.537801,81.308689,6,0.356633,3.077308,40.66666667,2327.222222,146,18.46666667,1.291731,53.77777778,1.105167,333.91,1494.93,606.35,253.97,2355.25,60.55297247,7.053547363,4.477044713,269.0187683
XJYL-P082,Desert steppe,43.264633,82.591701,9,0.194152,1.574616,33.11111111,2375.111111,164.8888889,21,0.86558,29.66666667,1.1749,73.36,1814.18,387.45,353.35,2554.98,216.5529725,34.82797165,24.72982552,269.1132202
ALT-032,Mountain meadows,48.616667,86.7,12,0.620316,6.426673,41.33333333,2271.222222,86,13.15555556,1.504123,49.11111111,0.811733,237.246667,4307.697707,,,,,,18.15704204,269.2851868
XJYL-P027,Desert steppe,44.287495,80.416091,5,0.080605,0.522046,22.55555556,2369.333333,179.5555556,21.11111111,0.696712,54.44444444,1.251267,51.016667,950.94,368.59,262.29,1581.82,206.5529725,31.00594557,18.6397908,269.5026855
ALT-012,Mountain meadows,47.15,85.6,11,0.546283,5.935578,70.77777778,2133.888889,31.11111111,4.95,0.92239,64.77777778,0.542733,62.72,4094.213706,,,,,,65.277642,269.5838623
ALT-190,Mountain meadows,46.816667,90.683333,14,0.227215,1.960285,20.44444444,2220,58.77777778,9.666666667,1.10788,205.3333333,1.470867,106.66,2343.584465,,,,,,21.97247764,269.7968445
NMG-P114,Temperate steppe,42.792806,118.540222,8,0.103087,0.790949,60.22222222,2339.444444,111.6666667,19.12777778,0.677761,34.33333333,1.22,320.796667,1480.64,481.96,355.3,2317.9,65.55297247,7.225449135,4.6155093,270.0286255
XJYL-P008,Desert steppe,43.563759,81.515833,9,0.12426,0.93614,30.88888889,2379.444444,168.6666667,20.73888889,0.859357,39,1.4324,79.04,923.78,365.41,393.43,1682.62,171.5529725,21.2882085,11.6875,270.0323486
NMG-P115,Temperate meadow steppe,43.312625,117.560527,8,0.107229,0.910539,57.66666667,2341,100.3333333,17.40555556,0.692693,78.22222222,1.29,286.08,1057.24,473.16,333.06,1863.46,53.55297247,6.513772371,3.69560962,270.2795715
NMG-P108,Temperate steppe,45.074806,117.277194,8,0.125152,1.039406,38.77777778,2318.666667,112.8888889,17.98888889,0.691392,64.33333333,1.5,123.416667,1242.4,664.38,568.19,2474.97,165.5529725,20.05377442,10.06671165,270.3681946
NMG-P192,Temperate meadow steppe,49.880722,119.986083,10,0.356265,4.266854,89.11111111,2020.555556,64.88888889,14.45555556,0.233713,24.66666667,1.05,110.423333,743.82,288,182.56,1214.38,104.5529725,10.99749452,6.736076333,270.5031433
NMG-P104,Temperate steppe,44.954444,116.231722,7,0.116409,0.955743,34.55555556,2352.333333,131,19.03888889,0.959801,28.44444444,1.5,218.363333,1419.91,887.93,536.52,2844.36,121.5529725,13.02581327,6.502511115,270.7860718
ALT-148,Mountain meadows,47.316667,89.35,10,0.319802,3.162466,16,2311,118.6666667,15.97777778,1.092133,240.2222222,1.174833,108.54,2288.877374,,,,,,21.08786967,270.8044434
NMG-P127,Temperate steppe,43.833694,119.881333,6,0.157877,1.154643,65.33333333,2352.555556,134,21.09444444,0.857754,25.55555556,1.31,145.416667,1743.06,597.26,280.28,2620.6,155.5529725,18.02131801,11.986659,271.2364502
XJYL-P146,Mountain meadows,43.340991,81.048081,9,0.602963,5.212141,66.88888889,2216.777778,54,8.272222222,0.77942,72.33333333,0.836933,93.22,1609.57,780.75,500.47,2890.79,207.5529725,31.01040549,17.26635915,271.2809143
NMG-P020,Temperate steppe,36.974889,109.272139,5,0.07014,0.602877,111.1111111,2240.222222,121.4444444,20.60555556,0.465585,70.66666667,1.31,410.126667,1414.39,565.75,234.16,2214.3,238.5529725,5.3990637,3.448666263,271.3497925
NMG-P037,Desert steppe,41.642194,108.45725,7,0.076245,0.545005,36.44444444,2424.333333,151.1111111,19.18888889,0.448426,18.44444444,1.65,97.636667,1449.46,600.83,122.76,2173.05,176.5529725,22.25649509,14.84544736,271.7585754
NMG-P062,Temperate steppe,40.352944,113.245639,8,0.080977,0.686077,74.88888889,2360.555556,118.1111111,18.68333333,0.552482,32.33333333,1.37,119.46,1707.18,717.25,503.78,2928.21,185.5529725,24.51205424,14.29080864,272.0007324
NMG-P153,Lowland meadows,46.22736,118.469962,6,0.108635,0.87522,52,2230.111111,99.88888889,16.98333333,0.154733,47.22222222,1.4,88.213333,1269.84,590.15,316.88,2176.87,186.5529725,24.67733534,14.39510284,272.0007324
ALT-020,Temperate steppe,47.216667,86.116667,8,0.229277,1.785001,41.77777778,2261.333333,113.6666667,15.74444444,0.202098,23.77777778,1.388833,37.82,2206.97615,,,,,,58.35473691,272.0421143
ALT-016,Desert steppe,47.366667,86.15,5,0.122555,0.817882,35.88888889,2301.777778,128.2222222,17.43888889,0.621109,18.11111111,1.5206,59.866667,3493.729029,,,,,,58.35850239,272.0439758
NMG-P016,Temperate steppe,37.255778,106.771444,6,0.065096,0.432731,57.88888889,2204.444444,112.2222222,19.71111111,0.391625,32.22222222,1.28,200.653333,814.53,210.78,100.03,1125.34,240.5529725,5.608379304,4.059389335,272.0525513
NMG-P196,Lowland meadows,50.811861,119.945417,6,0.427717,5.077032,90.11111111,2000.666667,62.22222222,14.04444444,0.950036,454.2222222,1.35,125.83,1263.69,447.86,204.61,1916.16,141.5529725,15.22816498,10.04283557,272.1042786
NMG-P123,Temperate steppe,44.759444,118.12025,7,0.212331,2.003784,49.88888889,2311.555556,101.3333333,17.03333333,1.122691,56.77777778,1.2,382.896667,1493.13,737.18,485,2715.31,61.55297247,7.091495524,3.899563848,272.1799011
XJYL-P012,Desert steppe,44.053958,81.312219,6,0.132084,1.033088,24.11111111,2389.444444,174.2222222,21.37777778,1.089498,59.33333333,1.2749,303.366667,1398.8,1077.27,282.23,2758.3,254.5529725,9.09229754,4.610921872,272.3901672
NMG-P046,Temperate steppe,41.019497,110.057288,3,0.117795,0.883454,58.88888889,2409.888889,136,19.07777778,0.232437,16.88888889,1.57,40.16,126.39,29.35,15.99,171.73,23.55297247,4.276145418,3.147161355,272.4569397
NMG-P151,Temperate meadow steppe,45.9385,117.594167,6,0.091138,0.75739,40.88888889,2264,104.6666667,17.09444444,0.689138,59.33333333,1.61,120.323333,803.16,194.21,137.38,1134.75,90.55297247,9.430839154,6.675014563,272.4735413
NMG-P129,Temperate steppe,44.523611,120.773222,5,0.236229,1.855138,70.33333333,2359.333333,125.7777778,21.18888889,0.42426,26.44444444,1.3,142.606667,1275.71,364.4,297.17,1937.28,130.5529725,13.58477861,8.945654694,272.650238
ALT-220,Desert steppe,44.033333,90.05,3,0.041736,0.115427,14.77777778,2379.666667,189.2222222,21.37777778,0.616495,6.222222222,1.4309,54.833333,641.837493,,,,,,11.7052431,272.6631775
NMG-P090,Lowland meadows,43.030694,112.835,4,0.077243,0.563969,32.55555556,2464.333333,167.5555556,20.46111111,0.348373,8.666666667,1.63,300.2632,1180.87,623.37,390.54,2194.78,248.5529725,7.309520447,3.932782972,272.7633972
ALT-192,Mountain meadows,46.833333,90.816667,12,0.438767,4.373799,23,2199.222222,30.11111111,5.344444444,1.509519,132.4444444,1.1053,117.74,2193.170852,,,,,,18.62723672,272.7637329
ALT-167,Temperate steppe,47.033333,89.95,6,0.172444,1.688593,15.66666667,2315.777778,114.4444444,15.67777778,0.582825,14.33333333,1.293533,143.603333,1612.015412,,,,,,11.22547352,272.7798157
XJYL-P070,Mountain meadows,43.269285,84.517631,7,0.295141,2.509284,47.33333333,2285.111111,56.44444444,10.88888889,1.259482,190.1111111,1.0999,158.54,1522.86,802.51,428.7,2754.07,151.5529725,17.371452,9.605525419,272.7831421
NMG-P184,Temperate steppe,48.106139,117.939583,6,0.147326,1.33924,53.33333333,2160.888889,103,17.77222222,0.549545,8.444444444,1.42,301.526667,646.76,377.83,196.72,1221.31,22.55297247,4.050421185,2.144951246,272.8166351
XJYL-P058,Mountain meadows,43.539849,84.38753,10,0.720076,6.921506,70.66666667,2177,33.22222222,6.444444444,0.760876,32.55555556,0.4205,91.666667,1726.49,487.16,385.18,2598.83,201.5529725,28.35087262,18.8344363,272.8623047
NMG-P122,Temperate steppe,44.4785,117.289833,6,0.18828,1.536466,44.44444444,2329.555556,105.2222222,17.23333333,0.62532,27.66666667,1.14,357.263333,1750.85,590.11,219.22,2560.18,63.55297247,7.166086647,4.900726826,272.8748779
XJYL-P134,Temperate steppe,43.180128,81.408971,8,0.723384,6.351015,41,2351.555556,115.6666667,16.11666667,0.810984,18.77777778,0.941067,77.556667,1151.97,316.98,132.83,1601.78,169.5529725,20.6530278,14.85326851,272.890564
NMG-P193,Temperate meadow steppe,50.199667,119.535972,6,0.24344,2.518147,81.33333333,2061.111111,78.33333333,16.03888889,0.470653,159.2222222,1.31,240.826667,1687.52,745.35,521.26,2954.13,114.5529725,12.26662328,7.007197421,272.9133606
NMG-P190,Temperate steppe,49.052056,119.554889,8,0.186969,1.934324,79.66666667,2079.888889,79.66666667,16.01666667,0.632323,54,1.22,382.2,1317.6,390.05,112.7,1820.35,30.55297247,4.762820513,3.447409733,273.1480103
XJYL-P017,Mountain meadows,44.264785,81.904532,11,0.577052,4.981585,59,2252.222222,60.11111111,10.51666667,1.284738,32.66666667,0.7461,34.056667,880.45,547.97,320.64,1749.06,234.5529725,51.3573451,25.85250048,273.1583862
NMG-P132,Temperate meadow steppe,46.026778,121.705028,6,0.221618,2.238453,88.55555556,2253.666667,93.77777778,18.62777778,0.759809,33.66666667,1.3,58.163333,1129.88,310.81,117.24,1557.93,196.5529725,26.78543198,19.42598441,273.1800537
NMG-P052,Desert steppe,42.218556,109.9265,3,0.065537,0.424093,34.88888889,2448.444444,166.3333333,20.26111111,0.62829,8.888888889,1.63,115.06,716.67,357.61,171.3,1245.58,255.5529725,10.82548236,6.228663306,273.2046051
XJYL-P089,Temperate steppe,43.429158,81.899545,12,0.334459,2.936875,35.55555556,2348.222222,155.1111111,19.89444444,0.293602,8.333333333,1.347367,95.333333,1209.76,597.66,494.82,2302.24,183.5529725,24.14937071,12.68979025,273.2792969
NMG-P121,Temperate steppe,44.395111,116.849306,7,0.157251,1.313047,42.11111111,2343.222222,113.2222222,17.72222222,0.75208,32.33333333,1.21,104.11,1196.46,253.97,114.64,1565.07,139.5529725,15.03284987,11.49226779,273.3831177
NMG-P169,Temperate steppe,49.345194,119.463694,5,0.262542,2.731216,78.44444444,2086,77.22222222,16.04444444,0.175418,6.333333333,1.33,76.433333,1279.61,399.47,163.04,1842.12,182.5529725,24.10100316,16.74151774,273.3868713
XJYL-P091,Mountain meadows,43.342515,81.807458,13,0.277348,2.579248,48.55555556,2299.888889,99.66666667,14.91666667,1.093865,123.2222222,1.520167,37.9,862.6,313.41,212.4,1388.41,223.5529725,36.63350923,22.75989446,273.4185486
XJYL-P126,Temperate steppe,42.596711,81.112375,8,0.529985,4.089115,48.55555556,2298.666667,82.11111111,11.37222222,0.6521,150.8888889,1.1273,56.2,676.52,347.79,220.98,1245.29,175.5529725,22.15818505,12.03772242,273.4298401
NMG-P166,Temperate steppe,48.721861,119.758694,6,0.154979,1.583049,81.77777778,2066.222222,84,16.46111111,0.397105,11.77777778,1.15,289.86,1536.18,752.17,297.49,2585.84,85.55297247,8.920996343,5.299730905,273.7831421
NMG-P163,Temperate steppe,47.837889,118.925361,8,0.202983,1.962077,65.33333333,2130.333333,93,16.78888889,0.380095,37.22222222,1.53,194.096667,1473.82,521.26,215.97,2211.05,108.5529725,11.39148876,7.59322673,274.0006714
NMG-P101,Temperate steppe,44.147639,115.886806,7,0.130159,1.122733,38.33333333,2368.777778,133.6666667,19.01666667,0.289975,30,1.59,253.66,2142.53,494.95,218.25,2855.73,106.5529725,11.2581014,8.44646377,274.0345764
NMG-P017,Temperate steppe,36.825778,107.137917,6,0.100472,0.682585,74.44444444,2178.777778,98.22222222,19.75,0.271312,10.55555556,1.25,104.383333,1804.44,596.28,635.91,3036.63,202.5529725,29.09113852,17.28666779,274.0360107
XJYL-P135,Temperate steppe,43.158987,81.458222,11,0.463985,4.08111,38.22222222,2370.777778,127.1111111,17.13888889,1.298657,83.66666667,1.121533,130.08,1202.25,581.19,253.33,2036.77,145.5529725,15.65782595,9.242389299,274.0450134
XJYL-P127,Temperate steppe,42.677593,81.097105,12,0.352385,2.943353,47.44444444,2334,77.55555556,11.51666667,0.797437,58,1.0126,172.266667,1028.23,291,149.72,1468.95,76.55297247,8.527186516,5.968827388,274.2941895
XJYL-P035,Desert steppe,43.937495,82.040052,6,0.220915,1.861242,32.66666667,2374.222222,162.1111111,20.52777778,0.725358,45.88888889,1.249,137.67,1782.82,1267.2,1248.42,4298.44,261.5529725,31.22277911,12.94995279,274.3493958
ALT-095,Mountain meadows,47.966667,88.183333,9,0.299813,2.731844,24.88888889,2245.888889,87.33333333,13.15555556,1.007574,35.44444444,1.345233,146.146,1917.483483,,,,,,13.12032819,274.3753967
XJYL-P084,Temperate steppe,43.100745,82.686964,11,0.23417,2.029004,39.88888889,2346.777778,103.3333333,15.87777778,0.257732,8.555555556,1.047,374.946667,1286.6,635.5,348.66,2270.76,46.55297247,6.056221324,3.431421355,274.4093628
NMG-P048,Temperate steppe,41.464472,109.974889,7,0.121119,0.849166,52.22222222,2401.777778,136.2222222,18.26666667,0.814668,50.44444444,1.41,71.196667,1197.44,410.19,225.39,1833.02,192.5529725,25.74586813,16.81876484,274.4180908
ALT-225,Temperate steppe,43.55,93.366667,11,0.092255,0.709872,21.33333333,2385.555556,115.2222222,14.59444444,0.413862,16.55555556,1.657933,341.9,1622.505695,,,,,,4.745556288,274.5041199
NMG-P172,Temperate steppe,49.493306,117.701889,6,0.110378,0.925443,62.88888889,2137.777778,95.77777778,17.2,0.311923,30.55555556,1.25,309,973.02,369.92,196.81,1539.75,33.55297247,4.983009709,3.148932039,274.5520325
NMG-P162,Lowland meadows,47.7055,119.294361,7,0.080147,0.703192,72.88888889,2111.333333,80.33333333,15.53333333,0.414732,45.88888889,1.41,128.156667,783.69,305.62,160.9,1250.21,92.55297247,9.755325488,6.115093489,274.5994263
NMG-P059,Temperate steppe,39.994972,112.720194,7,0.05281,0.451511,84.55555556,2340.111111,100.2222222,17.18888889,0.894314,35.55555556,1.48,227.179167,1324.42,465.07,142.25,1931.74,75.55297247,8.503156454,5.829847946,274.7540588
ALT-040,Lowland meadows,48.083333,85.916667,7,0.018323,0.099239,33.77777778,2340.222222,144.5555556,19.84444444,0.240715,52.33333333,1.5545,447.6,1432.974797,,,,,,3.201462907,274.9392395
XJYL-P053,Mountain meadows,43.67282,84.409561,11,0.693517,7.495151,73.33333333,2181.444444,31.66666667,5.994444444,1.000943,47.66666667,0.427067,192.666667,1596.58,793.74,568.68,2959,142.5529725,15.35813146,8.286747391,274.9493408
XJYL-P112,Desert steppe,43.244015,81.982072,11,0.18084,1.123878,30.33333333,2395.111111,142.4444444,19.42777778,0.953968,26.66666667,1.3682,153.546667,1554.04,885.01,449.16,2888.21,239.5529725,18.80998172,10.12096212,274.9992065
NMG-P050,Temperate steppe,41.678417,110.225639,5,0.159103,1.299072,48.22222222,2419.222222,138.3333333,18.27222222,0.326613,25.11111111,1.47,96.916667,1149.7,442.99,405.64,1998.33,168.5529725,20.6190541,11.86276866,275.102417
NMG-P150,Temperate steppe,45.659778,116.777028,8,0.273554,2.581181,33.55555556,2300.888889,112.5555556,17.57222222,0.277765,8.222222222,1.22,273.173333,1292.27,422.2,239.03,1953.5,62.55297247,7.15113726,4.730586203,275.2728271
NMG-P040,Temperate steppe,39.849389,109.787139,4,0.083115,0.658124,75.11111111,2353.666667,116.4444444,18.74444444,0.321176,10.77777778,1.45,212.53,651.49,451.11,551.46,1654.06,71.55297247,7.782713029,3.065402531,275.275177
XJYL-P041,Temperate steppe,43.734359,82.599032,9,0.203233,1.660835,35.11111111,2381.777778,143.8888889,19.49444444,0.447351,62.11111111,1.248133,120.156667,1359.17,490.41,119.19,1968.77,146.5529725,16.38502506,11.31164865,275.275177
NMG-P075,Desert steppe,44.315861,112.084417,3,0.060958,0.409772,25.55555556,2441.111111,154.5555556,19.68333333,0.184218,5.333333333,1.7,10.116667,98.39,40.94,11.59,150.92,138.5529725,14.91795667,9.7255351,275.3456726
NMG-P112,Temperate steppe,43.528222,118.608222,8,0.079588,0.519046,57,2356.333333,126.8888889,20.32222222,0.2805,195.3333333,1.18,142.18,1021.09,277.68,115.94,1414.71,94.55297247,9.950133633,7.181671121,275.6567383
NMG-P092,Desert steppe,43.74525,113.497194,4,0.089549,0.637759,31.22222222,2434.555556,159.6666667,19.98333333,0.319302,5.222222222,1.63,135.7,600.51,580.04,110.75,1291.3,220.5529725,9.515843773,4.425276345,275.8356628
ALT-143,Lowland meadows,46.383333,88.7,6,0.080395,0.672282,16.55555556,2356.333333,154.7777778,19.82777778,0.709203,16.33333333,1.167833,395.55,1154.503278,,,,,,2.918729056,275.9204407
NMG-P022,Temperate steppe,37.647528,108.320389,5,0.056109,0.391883,77,2241.333333,125.3333333,20.17777778,0.598807,18,1.377117,435.179733,810.424533,,,,,,1.86227545,276.006958
NMG-P134,Temperate meadow steppe,46.577417,122.509694,9,0.330304,3.624379,94.11111111,2217.222222,101.2222222,19.83333333,0.490588,202.3333333,1.11,81.47,596.61,308.86,166.61,1072.08,124.5529725,13.15919971,7.323063704,276.1279907
XJYL-P018,Mountain meadows,44.2792,81.784725,12,0.638021,5.668591,49.11111111,2290.111111,88.66666667,13.83888889,1.173036,32.66666667,0.726633,359.226667,1331.24,379.66,188.69,1899.59,40.55297247,5.287998288,3.705849599,276.2815247
NMG-P130,Temperate steppe,44.887806,121.284278,6,0.152167,1.229127,75,2338.888889,123.2222222,21.23888889,0.805087,16.33333333,1.39,48.196667,1155.87,396.55,190.32,1742.74,219.5529725,36.1589319,23.98236376,276.3945923
NMG-P076,Desert steppe,44.178306,112.244389,3,0.050258,0.319428,26.88888889,2433.333333,152.3333333,19.46111111,0.281832,5.333333333,1.46,54.066667,180.16,72.29,17.38,269.83,34.55297247,4.990690475,3.33218247,276.5870056
XJYL-P040,Temperate steppe,43.866393,82.505661,9,0.220792,1.887495,35.33333333,2374.555556,151.5555556,19.92222222,0.311657,9,1.074933,402.003333,1667.71,734.64,459.88,2862.23,244.5529725,7.119916093,4.148497943,276.6286011
ALT-059,Temperate meadow steppe,48.233333,86.95,13,0.26663,2.547103,32.88888889,2300.666667,110.8888889,15.68333333,0.189859,30.88888889,1.003133,113.06,2290.160175,,,,,,20.25614873,276.6611023
NMG-P086,Temperate steppe,42.468028,112.953611,3,0.123867,0.854729,35.55555556,2471.444444,162.8888889,20.23888889,0.333567,56.66666667,1.59,180.34,682.35,93.53,49.04,824.92,256.5529725,4.574248641,3.78368637,276.7477417
XJYL-P064,Mountain meadows,43.3842,84.379264,10,0.426734,3.81453,58.33333333,2223.666667,45.11111111,9.155555556,1.294226,151.7777778,1.1022,81.666667,1603.08,495.6,202.98,2301.66,200.5529725,28.18359172,19.62955094,276.7633667
NMG-P056,Temperate steppe,40.057944,111.620278,6,0.037917,0.243737,80.33333333,2378.222222,123.7777778,19.43333333,0.586364,18.22222222,1.51,212.927333,1690.77,628.44,549.84,2869.05,128.5529725,13.4743152,7.940596335,276.8424683
NMG-P165,Temperate meadow steppe,48.25425,119.750583,12,0.203199,2.391014,82.66666667,2075,75.11111111,15.28333333,1.054599,29.22222222,1,369.066667,1689.79,755.42,201.36,2646.57,64.55297247,7.170980846,4.57854949,276.993103
NMG-P120,Lowland meadows,44.161556,116.37325,6,0.175583,1.43157,41.55555556,2354.444444,121,18.11666667,0.341748,8.777777778,1.22,158.206667,1705.38,548.54,435.2,2689.12,150.5529725,16.99751376,10.77944459,277.0294189
NMG-P081,Desert steppe,42.727083,114.652,4,0.03223,0.185718,46,2378.111111,138,18.96666667,0.442128,11.77777778,1.64,89.167333,1338.71,325.1,145.5,1809.31,166.5529725,20.29117547,15.0134579,277.1243591
NMG-P154,Lowland meadows,46.362944,118.630083,9,0.103433,0.828417,54.11111111,2224.111111,96.88888889,16.83333333,0.181629,56.77777778,1.47,105.3,1078.61,494.82,175.34,1748.77,147.5529725,16.60750237,10.24320988,277.2128296
NMG-P187,Lowland meadows,48.273889,118.473694,5,0.032348,0.226085,62.44444444,2125.222222,94.33333333,16.99444444,0.28853,58.44444444,1.55,66.32,1395.22,574.52,125.36,2095.1,210.5529725,31.59077201,21.03769602,277.2651062
ALT-115,Lowland meadows,47.366667,87.766667,8,0.190738,1.831226,17.55555556,2358.777778,148.5555556,20.00555556,0.80816,26.22222222,0.985833,473.51,3101.529351,,,,,,6.550082049,277.3551025
XJYL-P016,Desert steppe,43.934872,81.830958,2,0.123617,0.908561,28.66666667,2389.888889,169.5555556,21.11666667,1.031759,68.11111111,1.2648,44.51,179.42,59.56,31.98,270.96,158.5529725,6.087620759,4.031004269,277.6069641
NMG-P025,Desert steppe,38.522,107.264417,7,0.053219,0.411041,48.11111111,2232.777778,137.6666667,19.91111111,0.343488,15.55555556,1.33,57.03,875.26,191.62,119.84,1186.72,170.5529725,20.80869718,15.34736104,277.9594116
XJYL-P074,Mountain meadows,43.194099,84.339347,15,0.654518,6.700532,51.66666667,2259.333333,46.88888889,9.894444444,1.359112,11,0.6222,102.73,1807.66,720.42,275,2803.08,45.55297247,27.28589506,17.59622311,277.9829407
NMG-P083,Temperate steppe,42.4405,114.597333,5,0.148754,1.132159,48.44444444,2399.444444,133.6666667,18.76666667,1.039,42.33333333,1.28,326.68,1232,509.27,367.43,2108.7,51.55297247,6.454940615,3.771274642,277.9846497
ALT-003,Desert steppe,47.55,86.333333,7,0.054606,0.296685,30.55555556,2333.444444,142.7777778,18.88333333,0.419288,23.44444444,1.874467,39.82,2461.402288,,,,,,61.81321668,278.0415039
NMG-P173,Temperate steppe,49.317722,117.541083,6,0.231828,2.03683,61.22222222,2141.333333,95.11111111,17.22777778,0.349689,8.555555556,1.23,391.43,1286.02,526.02,490.78,2302.82,44.55297247,5.883095317,3.285440564,278.134491
NMG-P107,Temperate steppe,45.360806,117.063694,5,0.1854,1.655416,35.22222222,2311.111111,118.3333333,18.35,0.834554,76.22222222,1.25,316.43,350.75,73.07,28.26,452.08,4.552972472,1.42868881,1.108460007,278.1547852
NMG-P111,Lowland meadows,44.089861,117.76375,6,0.226289,2.010898,53.22222222,2316.555556,100.6666667,17.00555556,0.324748,26.22222222,1.13,124.4,1463.43,659.94,274.11,2397.48,258.5529725,19.27234727,11.76390675,278.174469
XJYL-P085,Desert steppe,43.306642,82.529905,8,0.153387,1.134651,31.22222222,2386.222222,172.3333333,21.58888889,0.737448,29.33333333,1.2274,104.88,682.02,105.55,112.37,899.94,78.55297247,8.580663616,6.502860412,278.2193298
NMG-P021,Temperate steppe,37.334,108.944,6,0.05446,0.322071,94.22222222,2244.333333,115,19.33333333,0.871817,12.44444444,1.4,305.466667,1194.19,1069.48,638.5,2902.17,253.5529725,9.50077476,3.909395456,278.3023376
XJYL-P115,Temperate steppe,43.213727,81.627149,12,0.598964,5.441792,37.55555556,2365.777778,145.4444444,18.80555556,0.746042,30.11111111,1.003967,127.816667,1480.64,506.32,238.38,2225.34,152.5529725,17.41040548,11.58409177,278.3302612
XJYL-P048,Temperate steppe,43.876767,82.760696,9,0.308379,3.139157,40.55555556,2356.555556,133.3333333,18.48333333,0.976898,20.11111111,1.053633,216,695.66,225.07,87.36,1008.09,29.55297247,4.667083333,3.220648148,278.3385315
ALT-194,Temperate steppe,46.65,90.783333,8,0.149226,1.197596,16.44444444,2278.444444,101,14.51111111,0.352332,41.77777778,1.5452,252.242667,1343.161189,,,,,,5.324877052,278.4693298
NMG-P160,Lowland meadows,46.295417,120.84775,7,0.259645,2.613289,84.55555556,2216.777778,84.33333333,16.81666667,0.163169,147.4444444,1.27,210.78,880.78,181.22,109.45,1171.45,237.5529725,5.557690483,4.178669703,278.5298157
NMG-P147,Temperate meadow steppe,45.698833,117.882778,7,0.151819,1.297113,43.22222222,2278.777778,106.2222222,17.56111111,0.713651,176.8888889,1.38,217.983333,949.31,477.09,248.13,1674.53,70.55297247,7.68191759,4.354965983,278.6460266
NMG-P179,Lowland meadows,48.366028,116.206194,6,0.131563,0.972577,37.66666667,2218.333333,110.6666667,18.12777778,1.102857,7.222222222,1.5,230.766667,1758.65,581.67,453.71,2794.03,112.5529725,12.10759784,7.620901332,278.6726074
XJYL-P047,Temperate steppe,43.779292,82.900561,10,0.282084,2.401912,39.22222222,2357.777778,142.3333333,19.24444444,0.205436,30.11111111,1.113233,155.976667,677.8,387.13,98.08,1163.01,66.55297247,7.456307551,4.345521757,278.8020935
NMG-P058,Temperate steppe,39.829944,112.258333,7,0.088318,0.618666,89.44444444,2326.555556,96.77777778,16.83888889,0.175388,120.1111111,1.26,322.1,103.31,51.58,32.99,187.88,0.552972472,0.583297113,0.320738901,278.8642273
NMG-P044,Lowland meadows,40.482361,108.762778,2,0.024307,0.066963,48,2415,160,21.18888889,0.481809,17.22222222,1.585367,107.859733,200.864533,,,,,,1.862275452,278.9855042
NMG-P039,Desert steppe,40.238694,109.967417,5,0.044177,0.259118,67.22222222,2424,133.2222222,20.11666667,0.3615,31.88888889,1.46,44.695,569.98,340.04,314.7,1224.72,197.5529725,27.40172279,12.7526569,279.0687256
NMG-P013,Desert steppe,38.936889,105.657639,7,0.040082,0.255528,30.11111111,2291.444444,171.5555556,20.78888889,0.450859,17.55555556,1.6,430.932,1026.91,438.21,404.12,1869.24,229.5529725,4.337668124,2.382997782,279.1961365
ALT-193,Mountain meadows,46.75,90.883333,13,0.367167,3.671291,21.77777778,2207.666667,38.88888889,6.911111111,1.364251,136,1.329567,122.896667,2142.155649,,,,,,17.43054308,279.2441101
XJYL-P103,Temperate steppe,43.113805,82.319182,5,0.475615,4.194272,42.88888889,2346.777778,99.44444444,15.08333333,0.658974,22.11111111,1.070533,104.666667,1234.14,206.56,81.52,1522.22,136.5529725,14.54350314,11.79114646,279.282959
XJYL-P113,Temperate steppe,43.298147,81.701423,12,0.400798,3.319918,41.55555556,2335.777778,116.4444444,16.63888889,0.80118,30.33333333,0.9957,226.17,1109.42,354.98,491.06,1955.46,81.55297247,8.645974267,4.905248265,279.3075256
XJYL-P104,Temperate steppe,43.110163,82.344,6,0.169114,1.360671,42.88888889,2346.444444,103,15.47222222,0.517477,129.4444444,1.015633,95.333333,1592.69,507.62,271.51,2371.82,189.5529725,24.87923086,16.70653852,279.3267212
NMG-P054,Temperate steppe,41.30175,110.987944,7,0.098378,0.677826,56.88888889,2405.111111,118.2222222,17.08888889,0.675215,53.66666667,1.61,239.966667,691.12,371.22,291.65,1353.99,42.55297247,5.64240866,2.880066672,279.4662781
NMG-P175,Temperate meadow steppe,49.339861,117.205528,8,0.213592,1.953102,58,2152.777778,93.66666667,16.77222222,0.165446,49.66666667,1.29,402.25,1055.84,337.76,155.89,1549.49,19.55297247,3.852057178,2.624835301,279.4881287
NMG-P024,Lowland meadows,38.081778,107.645806,1,0.023739,0.085132,57.77777778,2264.444444,132.2222222,20.2,0.374495,22.44444444,1.486183,155.866667,290.266667,,,,,,1.862275447,279.7105713
NMG-P125,Lowland meadows,44.548083,118.666806,9,0.277438,2.642795,59.22222222,2298.555556,91.22222222,15.93888889,0.381498,53.11111111,1.32,369.51,1161.71,416.68,110.1,1688.49,27.55297247,4.569538037,3.143920327,279.7338562
XJYL-P111,Desert steppe,43.243673,82.239825,6,0.165131,1.135888,29.33333333,2397.555556,158.2222222,20.60555556,0.791743,29.33333333,1.3965,260.52,1397.5,527.43,142.58,2067.51,250.5529725,7.93608936,5.364271457,279.7338562
ALT-191,Mountain meadows,46.816667,90.7,13,0.517578,5.082678,20.44444444,2220,58.77777778,9.666666667,1.047334,20.66666667,0.917933,103.713333,2147.679588,,,,,,20.70784465,279.7968445
NMG-P159,Temperate meadow steppe,46.424389,120.357667,9,0.338526,4.032504,82.66666667,2195,83,15.98888889,0.358128,28.44444444,1.06,305.2,1327.32,451.49,544.51,2323.32,69.55297247,7.612450852,4.349017038,279.8887024
NMG-P182,Temperate steppe,48.279778,117.291083,6,0.146019,1.1177,47.55555556,2179.666667,105.5555556,17.83888889,0.468233,8.555555556,1.49,297.373333,1257.52,333.87,287.75,1879.14,50.55297247,6.319127479,4.228758468,279.891449
XJYL-P002,Desert steppe,43.789794,80.76278,5,0.067801,0.533087,19.11111111,2395.777778,188.3333333,22.51666667,0.700567,29.55555556,1.354833,310.993333,1490.38,670.33,304.64,2465.35,249.5529725,7.927340359,4.792321384,279.9394226
ALT-089,Lowland meadows,47.283333,88.166667,10,0.065702,0.554311,16.22222222,2364,147.2222222,19.75555556,0.818229,25.88888889,1.351667,417.163333,2847.103214,,,,,,6.824912423,280.0726318
XJYL-P042,Temperate steppe,43.714692,82.750538,8,0.162838,1.36529,35.55555556,2373.111111,157.1111111,20.39444444,0.162713,15.55555556,1.528033,155.936667,1379.96,508.59,242.61,2131.16,133.5529725,13.66683052,8.849490159,280.2226257
NMG-P139,Temperate steppe,45.072944,119.003361,7,0.148984,1.273288,59.88888889,2301.555556,92.66666667,16.43333333,0.309975,23.66666667,1.22,286.926667,946.71,310.48,124.71,1381.9,31.55297247,4.816213196,3.299484185,280.3585205
NMG-P106,Temperate steppe,45.341556,116.789778,4,0.144052,1.174404,33.77777778,2318.666667,118.7777778,18.21666667,1.022338,31.22222222,1.51,371.196667,1244.85,466.05,182.85,1893.75,37.55297247,5.101743007,3.353613086,280.5091553
ALT-186,Temperate steppe,46.95,90.216667,8,0.203536,1.721426,17.11111111,2279.777778,92.77777778,13.55,0.363016,31.33333333,1.173,42.556667,1545.078268,,,,,,36.30637399,280.5094299
ALT-179,Mountain meadows,46.733333,89.933333,8,0.236146,2.096696,17.88888889,2300.111111,102,14.25,0.771625,89.55555556,1.2771,113.526667,674.895386,,,,,,5.94481811,280.5661621
ALT-064,Desert steppe,48.1,87.233333,6,0.136352,1.188141,25.22222222,2324.888889,136.8888889,18.68888889,0.742841,46.88888889,1.321833,70.360833,969.938723,,,,,,13.78520807,280.5778198
ALT-065,Desert steppe,48.1,87.25,6,0.075044,0.49912,26.66666667,2316.111111,127.4444444,17.62777778,0.705319,44.77777778,1.435333,52.866667,1622.088478,,,,,,30.6826318,280.5778198
NMG-P137,Temperate meadow steppe,44.986611,120.350333,12,0.138123,1.259973,72.44444444,2323,94.88888889,17.5,0.437035,167.8888889,1.47,166.916667,1397.81,562.13,402.67,2362.61,134.5529725,14.15442833,8.374298535,280.5901184
XJYL-P086,Temperate steppe,43.269399,82.516617,7,0.188467,1.400157,31.44444444,2387.666667,168.6666667,21.32777778,0.151289,84.66666667,1.227267,67.08,538.15,300.74,125.04,963.93,135.5529725,14.36985689,8.022510435,280.5911255
ALT-159,Temperate steppe,47.383333,89.133333,7,0.136558,2.145213,16,2310.333333,127.6666667,17.01666667,0.466485,9.555555556,1.327267,142.406667,1788.781465,,,,,,12.5610795,280.6496582
NMG-P109,Temperate steppe,44.774722,117.443694,8,0.101085,0.735486,42.44444444,2322.111111,107.8888889,17.56666667,0.36626,119.1111111,1.36,296.546667,1750.2,557.64,264.04,2571.88,83.55297247,8.672766503,5.901937856,280.6516418
NMG-P061,Temperate steppe,40.709806,113.166472,8,0.064225,0.513673,71.77777778,2373.333333,110.2222222,17.47222222,0.370732,6.555555556,1.41,207.265,974.97,282.23,113.02,1370.22,54.55297247,6.610956987,4.703977999,280.8721619
ALT-168,Desert steppe,46.983333,89.9,6,0.258865,2.87216,16.22222222,2311.111111,116.5555556,15.86666667,0.755999,41.22222222,1.033033,125,1485.28975,,,,,,11.882318,281.1005859
ALT-221,Desert steppe,43.733333,90.6,6,0.079332,0.640949,17.66666667,2344.555556,142.1111111,17.11666667,0.470549,3.444444444,1.475467,143.296667,1656.531863,,,,,,11.56015627,281.1291199
NMG-P185,Temperate steppe,47.862028,118.823111,5,0.117653,1.026178,62.66666667,2134.444444,94,16.83888889,0.189176,26.22222222,1.46,105.16,1503.7,754.77,505.67,2764.14,194.5529725,26.28508939,14.29916318,281.3812866
ALT-140,Lowland meadows,46.516667,88.483333,8,0.024283,0.212575,17.44444444,2355.888889,152.8888889,19.81666667,0.666354,15.44444444,1.159467,485.086667,1742.315388,,,,,,3.591761033,281.3895264
NMG-P195,Lowland meadows,50.189694,120.009639,7,0.184948,1.622219,86.66666667,2025.666667,71.66666667,15.45555556,0.942129,557.2222222,1.19,229.22,814.86,263.39,123.09,1201.34,39.55297247,5.240991188,3.554925399,281.4386597
NMG-P156,Temperate meadow steppe,46.62375,118.924667,6,0.152177,1.470912,60,2192.555556,84.22222222,15.75555556,0.390146,83.55555556,1.39,107.556667,68.67,19.79,17.18,105.64,1.552972472,0.982179933,0.638454146,281.4692993
ALT-110,Desert steppe,47.733333,88.283333,4,0.087275,0.581733,16.55555556,2352.888889,140.8888889,19.00555556,0.68065,44.88888889,1.335067,44.013333,472.134327,,,,,,10.72707507,281.6134033
ALT-006,Desert steppe,47.55,85.716667,4,0.059102,0.366176,35,2324,151.6666667,19.90555556,0.358931,18.33333333,1.709067,109.443333,2075.376424,,,,,,18.96302285,281.8438416
NMG-P032,Desert steppe,41.306083,107.0785,4,0.209795,1.674645,28.66666667,2360.444444,148.1111111,18.63333333,0.43081,10.55555556,1.4,147.826667,913.38,467.09,321.5,1701.97,217.5529725,11.51328129,6.178722815,281.8835144
ALT-183,Desert steppe,46.316667,89.633333,5,0.040397,0.395187,14.11111111,2367.444444,150.1111111,19.17777778,1.143407,59.55555556,1.935133,43.2025,1292.785088,,,,,,29.92384904,281.9439087
ALT-181,Desert steppe,46.116667,90.016667,3,0.040193,0.287287,13.77777778,2359.111111,157.8888889,19.6,0.541874,28.11111111,1.478333,93.266667,679.53941,,,,,,7.285983641,282.0404968
ALT-058,Temperate meadow steppe,48.233333,87.1,14,0.423567,4.331649,32.55555556,2282.555556,108.4444444,15.23333333,0.242509,61.55555556,0.942467,145.25,2445.155408,,,,,,16.83411641,282.0779114
NMG-P079,Desert steppe,43.288472,114.406472,5,0.030024,0.225026,37.55555556,2417.444444,157.1111111,20.04444444,0.230621,8.666666667,1.65,101.656667,1054.86,291,154.27,1500.13,137.5529725,14.75682849,10.37669276,282.0922546
NMG-P073,Desert steppe,44.010889,112.064972,4,0.083431,0.59678,26.22222222,2440,153.5555556,19.43333333,0.468644,5.777777778,1.53,78.406667,131.07,40.37,17.4,188.84,10.55297247,2.408468657,1.671669069,282.1030579
NMG-P171,Temperate steppe,49.482556,118.427556,7,0.086562,0.66063,69,2118.222222,90.44444444,16.91666667,0.191299,27.22222222,1.49,94.94,1216.27,402.07,105.23,1723.57,156.5529725,18.15430798,12.81093322,282.136261
XJYL-P004,Temperate steppe,43.54684,81.032919,4,0.146047,1.142001,29.33333333,2374.666667,170.4444444,20.55555556,0.287318,102.5555556,1.139967,121.696667,151.17,80.54,56.84,288.55,9.552972472,2.371059184,1.242186855,282.178833
NMG-P049,Desert steppe,41.775972,109.829361,4,0.193841,1.545058,46.44444444,2396.444444,136,17.95,0.503876,11.11111111,1.42,64.106667,1139.63,606.68,228.32,1974.63,205.5529725,30.8022565,17.77709017,282.1856689
XJYL-P033,Desert steppe,43.966932,80.584579,4,0.560272,4.974586,17.55555556,2399.222222,189.8888889,22.54444444,0.704594,42.33333333,1.144533,33.75,108.79,40.41,20.14,169.34,35.55297247,5.017481481,3.223407407,282.1983337
ALT-135,Lowland meadows,46.6,87.9,7,0.044657,0.374248,18.77777778,2346.555556,153.1111111,20.10555556,0.524519,17.77777778,1.3434,522.303333,2198.202835,,,,,,4.208670893,282.2007446
NMG-P043,Desert steppe,39.968694,108.570056,2,0.049268,0.285445,52,2368.888889,148.7777778,20.37777778,0.26482,13.66666667,1.5891,53.27,93.823333,,,,,,1.761279013,282.2302551
NMG-P082,Temperate steppe,42.372389,114.937694,4,0.198965,1.781794,52.77777778,2380.111111,112.8888889,17.14444444,1.134248,81.77777778,1.21,330.24,1178.6,598.88,233.19,2010.67,47.55297247,6.088511386,3.568919574,282.3847351
XJYL-P078,Temperate steppe,43.374563,83.038817,5,0.218243,1.813554,34.77777778,2376.666667,143.4444444,19.66111111,0.343738,25.22222222,1.146167,299.04,1842.76,486.18,318.28,2647.22,84.55297247,8.852394329,6.162252541,282.592804
XJYL-P102,Temperate steppe,43.119952,82.28028,6,0.503274,4.477097,43.66666667,2345.222222,92.33333333,14.38333333,0.25134,8,0.994633,134.666667,146.32,26.56,10.3,183.18,3.552972472,1.360247521,1.086534651,282.5934753
ALT-042,Desert steppe,48.3,85.983333,6,0.04029,0.29029,36.33333333,2336.222222,144.5555556,19.62222222,0.297217,76.77777778,1.556767,35.646667,1103.488075,,,,,,30.95627636,282.6286621
ALT-136,Lowland meadows,46.916667,87.75,7,0.012646,0.071748,18.11111111,2351,150.8888889,20.06666667,0.398283,10.88888889,1.867033,522.47,1413.153604,,,,,,2.704755496,282.7053528
NMG-P091,Desert steppe,43.437306,113.121917,5,0.10604,0.832575,31.55555556,2452.444444,163,20.16111111,0.394018,5.222222222,1.59,114.996667,589.14,150.69,68.85,808.68,59.55297247,7.032203812,5.123105003,282.8009644
ALT-166,Temperate steppe,47.266667,89.7,6,0.211767,2.424474,16.22222222,2282.888889,113,15.45555556,0.740134,37.55555556,1.3639,76.42,554.343538,,,,,,7.253906543,283.109436
NMG-P028,Desert steppe,39.208806,107.281611,5,0.075946,0.469468,40.11111111,2298.111111,154.1111111,20.58888889,0.639214,7.222222222,1.5,76.696,1864.2,698.26,230.59,2793.05,221.5529725,36.41715344,24.30635235,283.1821594
ALT-187,Temperate steppe,46.9,90.3,12,0.183297,1.666792,15.66666667,2307.111111,111,15.50555556,0.365352,6.111111111,1.523167,109.08,1835.572478,,,,,,16.82776382,283.5625
NMG-P084,Temperate steppe,42.344583,114.141722,6,0.087575,0.578997,46.33333333,2417.555556,133.3333333,18.66111111,0.702826,82.88888889,1.6,505.303733,2052.24,329.32,158.16,2539.72,231.5529725,5.026125544,4.06139885,283.7037659
XJYL-P005,Desert steppe,43.630797,81.250538,2,0.14262,1.0648,26,2386.333333,176.1111111,21.30555556,0.738694,32.22222222,1.526767,35.783333,71.56,42.36,24.13,138.05,20.55297247,3.857941349,1.999813712,283.7459106
NMG-P094,Temperate steppe,43.943722,114.714861,6,0.15099,1.40256,35.66666667,2385.222222,138.5555556,18.58888889,0.530996,17.22222222,1.68,233.536667,1240.96,532.63,201.36,1974.95,74.55297247,8.456702005,5.313769422,283.7577515
ALT-008,Desert steppe,47.183333,86.766667,6,0.093691,0.539252,26.66666667,2323.333333,152.5555556,19.63333333,0.883998,18.88888889,1.652733,33.84,1555.801208,,,,,,45.975213,283.855011
NMG-P018,Temperate steppe,36.226583,107.648306,5,0.076377,0.588998,101.2222222,2156.777778,91.66666667,20.41111111,0.328172,9.111111111,1.24,97.153333,339.06,183.17,140.63,662.86,57.55297247,6.822823052,3.489947175,283.8577271
ALT-161,Desert steppe,47.233333,89.233333,10,0.096073,0.706969,15.88888889,2318.111111,132,17.35555556,0.625021,33.22222222,1.362733,37.783333,1239.758176,,,,,,32.81230314,283.9231567
ALT-070,Lowland meadows,47.916667,86.833333,10,0.106406,0.872098,25.44444444,2340.111111,147.1111111,20.03333333,0.510689,40.11111111,1.357367,69.766667,1063.520751,,,,,,15.24396674,283.9511108
ALT-137,Lowland meadows,46.716667,87.866667,8,0.042769,0.281723,18.33333333,2352,154,20.15,0.784993,14,1.453133,494.206667,1545.078268,,,,,,3.126380867,284.0799866
NMG-P145,Temperate meadow steppe,45.798139,119.018361,12,0.223072,2.163368,57.66666667,2261.888889,96.22222222,16.83333333,0.490744,202.3333333,1.31,472.48,1788.87,880.01,215.94,2884.82,36.55297247,6.105697596,3.786128513,284.1264343
ALT-069,Lowland meadows,47.733333,87.116667,8,0.033501,0.228109,22,2355.666667,143.7777778,19.77222222,0.707674,35,1.636567,290.266667,1422.576794,,,,,,4.900930612,284.3213501
NMG-P093,Desert steppe,43.966667,114.197972,7,0.10887,0.812393,33.66666667,2399.555556,149.6666667,19.27777778,0.386633,4,1.55,145.85,2024.96,591.74,224.42,2841.12,162.5529725,19.47973946,13.88385327,284.4613037
NMG-P097,Temperate steppe,45.039528,115.204333,8,0.198683,1.747822,35.66666667,2348.333333,108,16.26666667,0.96665,31.44444444,1.34,87.606667,723.92,417.01,224.09,1365.02,144.5529725,15.58123425,8.263298043,284.4997559
XJYL-P010,Mountain meadows,43.434667,81.067135,10,0.468014,4.252925,57.77777778,2262,64.11111111,10.14444444,1.032,71.33333333,0.990267,134.27,999.47,619.32,436.47,2055.26,242.5529725,15.30691889,7.443732777,285.4450684
NMG-P055,Desert steppe,40.352361,110.720833,4,0.04165,0.30094,72.55555556,2431.333333,128.1111111,19.95555556,0.334167,28,1.6,470.019167,1172.75,570.95,240.98,1984.68,228.5529725,4.222551205,2.495111013,285.6730652
NMG-P047,Temperate steppe,41.121639,110.048583,4,0.168937,1.370792,58.55555556,2403.444444,132.4444444,18.53333333,0.827397,36.11111111,1.35,211.406667,999.18,503.49,329.01,1831.68,82.55297247,8.664248985,4.72634101,285.7194214
NMG-P157,Lowland meadows,46.562472,119.35275,9,0.325874,3.874839,68.66666667,2176,76.44444444,14.84444444,0.714217,177.4444444,1.29,281.146667,608.95,162.06,97.11,868.12,13.55297247,3.08778336,2.16595134,285.7359009
XJYL-P061,Mountain meadows,43.471903,84.444448,8,0.216293,1.827118,77.33333333,2151.333333,27.33333333,4.866666667,1.175635,60.66666667,0.7123,34.333333,780.75,187.72,197.79,1166.26,215.5529725,33.96873819,22.74029148,285.7552795
NMG-P078,Temperate steppe,43.693778,113.937806,2,0.168154,1.37708,33.55555556,2418.444444,154.5555556,19.58333333,0.200204,7.333333333,1.58,48.87,131.68,23.84,13,168.52,17.55297247,3.44833231,2.694495601,285.804657
NMG-P077,Desert steppe,44.003611,113.068944,3,0.095443,0.652747,29.55555556,2435.666667,160.2222222,20.13888889,0.499449,5.333333333,1.54,91.25,90.87,31.57,20.34,142.78,5.552972472,1.564712329,0.995835616,285.9611816
ALT-053,Desert steppe,47.65,86.6,6,0.034376,0.241098,28.22222222,2335.111111,145.3333333,19.15,0.263131,27.33333333,1.630833,29.84,1114.883229,,,,,,37.36203851,286.04422
NMG-P064,Temperate steppe,41.366472,112.439028,5,0.238774,2.225147,60.11111111,2397,103.5555556,15.66111111,0.651434,55.44444444,1.44,309.924583,814.21,201.03,208.18,1223.42,21.55297247,3.947476474,2.627122999,286.0669556
NMG-P103,Temperate steppe,43.781556,115.510417,6,0.109391,0.834443,39.55555556,2377.222222,130.8888889,18.48888889,0.984766,44.44444444,1.57,219.32,697.29,178.95,86.71,962.95,26.55297247,4.390616451,3.179327011,286.2036133
ALT-005,Desert steppe,47.45,85.983333,4,0.131338,1.025296,35.88888889,2318.777778,131.4444444,17.89444444,0.502838,17.66666667,1.569367,50.626667,2024.686159,,,,,,39.99248378,286.3338928
XJYL-P079,Desert steppe,43.396486,82.885284,3,0.143708,1.066699,29.22222222,2398.222222,181,22.35,0.731474,32.88888889,1.311267,128.23,682.35,364.72,103.6,1150.67,86.55297247,8.973485144,5.321297668,286.433075
ALT-109,Desert steppe,47.766667,88.316667,6,0.133505,1.048417,17.88888889,2328.777778,137.4444444,18.37777778,0.570977,48.44444444,1.793733,102.086667,799.946186,,,,,,7.835951643,286.7012634
NMG-P143,Temperate meadow steppe,45.555417,120.451444,5,0.17924,1.754141,73.11111111,2286.666667,95.44444444,17.96666667,0.331629,151.2222222,1.33,88.4,148.67,71.05,40.23,259.95,12.55297247,2.94061086,1.68178733,286.7333679
NMG-P027,Desert steppe,39.167083,107.930583,5,0.129033,0.878493,53.44444444,2275.111111,144,19.62222222,0.309734,6.444444444,1.51,52.321667,1273.11,573.22,255.27,2101.6,226.5529725,40.16691594,24.33236693,286.7972717
ALT-105,Desert steppe,47.666667,87.5,4,0.0516,0.407119,19.55555556,2358.111111,145.6666667,19.93333333,0.751591,37.22222222,1.656033,59.866667,427.851763,,,,,,7.146744331,286.8580017
ALT-099,Mountain meadows,47.6,88.866667,6,0.210957,1.882527,16.66666667,2313.333333,128.7777778,17.35555556,1.229486,83,1.369333,170.981333,1808.948067,,,,,,10.5797986,286.942688
XJYL-P015,Desert steppe,43.935463,81.721326,4,0.12426,1.05914,27.88888889,2387.222222,172,21.35555556,0.808612,48.44444444,1.516533,96.943333,1628.9,980.69,612.1,3221.69,214.5529725,33.23271338,16.80259951,286.9917603
NMG-P116,Desert steppe,43.215111,117.25425,5,0.117281,1.07048,57.11111111,2344.111111,96.11111111,16.67222222,0.384581,22.11111111,1.54,83.991667,1415.36,443.64,173.1,2032.1,184.5529725,24.19406678,16.85119549,287.3551636
ALT-223,Mountain meadows,43.683333,91.35,10,0.170194,1.082242,16.11111111,2374.333333,137.2222222,16.48333333,1.136117,39.88888889,1.140867,37.01,1524.282262,,,,,,41.18568663,287.6211243
NMG-P128,Temperate steppe,44.194639,120.352139,2,0.034405,0.257068,68.55555556,2351.666667,127.1111111,20.95555556,0.743836,18,1.563583,108.841333,116.082667,,,,,,1.066531104,287.9191589
ALT-054,Desert steppe,47.65,86.75,8,0.040744,0.240876,27.11111111,2339.333333,143.3333333,19.20555556,0.320103,30.77777778,1.727,23.17,960.190595,,,,,,41.44111329,287.9641113
ALT-066,Desert steppe,48.066667,87.016667,6,0.105734,0.900006,27.77777778,2320.333333,136.6666667,18.48333333,0.623942,44.55555556,1.419533,81.84,1377.085531,,,,,,16.8265583,287.9877625
XJYL-P110,Desert steppe,43.218414,82.323485,8,0.163097,1.259349,29.55555556,2398.888889,163.5555556,21.01666667,0.926795,29.33333333,1.374367,50.003333,884.79,648.21,297.82,1830.82,222.5529725,36.61395931,17.69462048,288.0681152
NMG-P087,Desert steppe,42.874639,112.560333,5,0.08716,0.672619,32.77777778,2468.666667,164,20.12222222,0.298462,11.44444444,1.5,31.8,234.81,206.88,181.87,623.56,163.5529725,19.60880503,7.383962264,288.0811768
ALT-222,Desert steppe,43.733333,91.066667,6,0.062909,0.315518,14.55555556,2376.444444,153.8888889,18.02777778,1.068218,1,1.404933,155.83,2225.822531,,,,,,14.28365867,288.1276855
ALT-165,Temperate steppe,47.166667,89.766667,6,0.124692,1.058409,14.66666667,2325,125.8888889,16.89444444,0.66947,18.33333333,1.428267,105.176667,666.447009,,,,,,6.336453018,288.2105408
NMG-P146,Lowland meadows,45.751889,118.464778,7,0.149481,1.298451,50.11111111,2270.333333,100.8888889,17.18888889,0.28051,22.88888889,1.46,104.283333,1569.3,632.01,269.56,2470.87,181.5529725,23.693815,15.04842581,288.3822327
ALT-068,Desert steppe,47.816667,87.333333,2,0.039179,0.25818,21.55555556,2354.222222,144.1111111,19.76111111,0.742512,39.44444444,1.742533,104.919167,685.852485,,,,,,6.53696083,288.6316528
ALT-164,Temperate steppe,46.966667,89.733333,7,0.110921,0.888594,16.11111111,2317.222222,118.4444444,16.00555556,0.574439,20.88888889,1.549667,162.66,823.456855,,,,,,5.062442241,288.6583557
ALT-117,Lowland meadows,47.116667,87.55,8,0.064073,0.460811,18.88888889,2353.555556,151.5555556,20.17777778,0.530805,12.22222222,1.5316,134.36,2406.162896,,,,,,17.9083276,288.673645
XJYL-P090,Mountain meadows,43.351527,81.845307,10,0.267356,2.642617,42.33333333,2323.333333,117.5555556,16.75555556,0.669236,54.44444444,1.3334,56.68,539.77,258.19,209.8,1007.76,154.5529725,17.77981651,9.523112209,288.8430786
NMG-P152,Temperate meadow steppe,46.0865,117.977194,7,0.106406,0.836715,45.88888889,2245.111111,100.6666667,16.76666667,0.287918,154.1111111,1.41,146.733333,934.05,190.32,137.7,1262.07,80.55297247,8.60111315,6.365629274,288.8542786
ALT-004,Desert steppe,47.55,86.1,6,0.037617,0.240184,33,2324.333333,141.2222222,18.90555556,0.220225,20.77777778,1.576,86.17,668.857855,,,,,,7.762073285,288.9822693
ALT-213,Temperate steppe,46.783333,90.1,8,0.089676,0.62456,16.77777778,2300.444444,113.3333333,15.55555556,0.616545,92.88888889,1.425433,55.19,1302.024946,,,,,,23.5916823,289.1260071
ALT-037,Desert steppe,48.266667,85.683333,5,0.029737,0.18218,39.11111111,2323.222222,146.6666667,19.89444444,0.214505,86.44444444,1.7243,27.8352,366.297029,,,,,,13.15948975,289.3890991
ALT-048,Desert steppe,48.133333,86.666667,9,0.042692,0.350877,29.44444444,2335.222222,146.1111111,19.46111111,0.415831,52.22222222,1.661633,40.786667,577.08917,,,,,,14.14896613,289.5195313
ALT-047,Temperate steppe,48.183333,86.633333,8,0.071528,0.61358,31.66666667,2321.777778,135.6666667,18.43888889,0.33595,7.111111111,1.5261,54.316667,2243.044223,,,,,,41.29568965,289.5519714
NMG-P188,Temperate steppe,48.557944,118.649778,7,0.124054,1.056246,66.77777778,2115.333333,92.44444444,16.9,0.963007,12.11111111,1.41,260.406667,1413.09,406.94,242.93,2062.96,72.55297247,7.922070597,5.42647397,289.6147156
XJYL-P119,Mountain meadows,42.645066,80.282779,8,0.362002,2.992276,51.11111111,2327.111111,102,13.22777778,1.105025,164.5555556,1.099967,307.64,1370.87,480.99,219.55,2071.41,241.5529725,6.733227149,4.456085034,290.0596008
ALT-178,Desert steppe,46.633333,89.85,5,0.126686,1.301814,14.44444444,2358.111111,141.6666667,18.18333333,0.785655,27.22222222,1.4269,85.48,874.963374,,,,,,10.23588411,290.0731506
ALT-051,Lowland meadows,47.933333,86.616667,7,0.116476,0.858313,27.22222222,2348.777778,147.1111111,20.02777778,0.591304,39.44444444,1.0349,438.666667,3693.565651,,,,,,8.419982481,290.1230774
ALT-102,Desert steppe,47.383333,88.583333,3,0.076057,0.548613,15.66666667,2355.444444,153.8888889,19.58888889,0.733818,35.44444444,1.58,69.65,781.704248,,,,,,11.22332014,290.25354
ALT-169,Desert steppe,46.933333,89.566667,7,0.087379,0.902228,12.77777778,2381,153.6666667,19.32777778,0.834416,37.77777778,1.740467,120.83,1683.176746,,,,,,13.93012287,290.4884949
ALT-142,Lowland meadows,46.566667,88.2,9,0.060479,0.473504,17.66666667,2355.222222,155.7777778,20.10555556,0.656299,15.11111111,1.728467,285.536667,1616.564539,,,,,,5.661495443,290.8266296
ALT-086,Lowland meadows,47.516667,88.65,7,0.189275,1.546399,15.88888889,2340.333333,139.5555556,18.40555556,1.008889,38.44444444,0.848533,79.573333,3092.431099,,,,,,38.8626564,290.9533997
NMG-P068,Desert steppe,42.670444,111.154667,2,0.111948,0.755878,28.66666667,2474.777778,171.4444444,20.72222222,0.227619,3.888888889,1.495283,10.030133,20.060267,,,,,,2.0000001,291.0059204
ALT-100,Mountain meadows,47.6,88.7,6,0.33787,3.464844,17.88888889,2304.222222,124,16.78888889,1.724832,55.66666667,1.166867,150.953333,3127.158821,,,,,,20.71606343,291.0331726
ALT-113,Desert steppe,47.783333,87.8,7,0.059407,0.324659,19.22222222,2352.888889,147.5555556,19.6,1.021455,35.11111111,1.638733,62.04,1747.189452,,,,,,28.1623058,291.1264038
ALT-112,Desert steppe,47.883333,87.683333,6,0.086026,0.530912,22.77777778,2312.888889,130.8888889,17.88888889,0.745119,38.55555556,1.631367,61.996667,1184.072599,,,,,,19.09897187,291.2045898
ALT-162,Desert steppe,47.133333,89.333333,6,0.116689,1.323939,15.66666667,2325.333333,131.3333333,17.30555556,1.106727,37.55555556,1.680533,42.42,962.465159,,,,,,22.68894764,291.5874023
ALT-196,Desert steppe,46.4,90.6,5,0.073471,0.430842,13.66666667,2345,126.7777778,17.07222222,0.984531,27.66666667,1.631767,92.896667,634.783806,,,,,,6.83322477,291.6066284
ALT-188,Desert steppe,46.833333,90.3,8,0.110884,1.073806,15.33333333,2315,118.5555556,16.22222222,0.647231,25.11111111,1.796567,31.678333,1074.601378,,,,,,33.92228303,291.7615051
XJYL-P001,Temperate steppe,43.768516,80.756749,6,0.366249,3.548191,19.11111111,2395.777778,188.3333333,22.51666667,1.188714,41.77777778,0.9661,522.69,302.15,186.32,107.17,595.64,2.552972472,1.139566473,0.578067306,292.1401062
ALT-111,Mountain meadows,47.95,87.6,7,0.103629,0.846723,24.44444444,2303.111111,125.1111111,17.23888889,1.337489,108.6666667,1.666667,171.388667,2260.297847,,,,,,13.18814065,292.3988037
XJYL-P062,Mountain meadows,43.454901,84.420121,10,0.326543,2.960108,70.88888889,2162.333333,35,6.811111111,0.720161,12.88888889,0.7499,95,531,257.54,109.77,898.31,91.55297247,9.455894737,5.589473684,292.4629211
ALT-197,Desert steppe,46.516667,90.4,7,0.10148,0.560781,15.55555556,2322.444444,115.7777778,15.91666667,0.941433,3.333333333,1.393233,67.903333,1839.471729,,,,,,27.08956465,292.5171204
ALT-108,Lowland meadows,47.733333,88.4,11,0.131854,1.018787,17.44444444,2338.777778,141.2222222,18.79444444,0.728694,49.55555556,1.307367,470.613333,2260.590854,,,,,,4.803499382,292.5245361
ALT-050,Desert steppe,47.9,86.416667,5,0.012781,0.113324,28,2352.333333,156.7777778,20.58888889,0.407077,40.22222222,1.651367,54.016667,835.414559,,,,,,15.46586647,292.7445679
ALT-180,Temperate steppe,46.516667,90.033333,11,0.086837,0.715143,14.33333333,2360.444444,139.2222222,17.93888889,0.208423,29.88888889,1.986167,246.683333,1353.690024,,,,,,5.487561756,292.8424377
ALT-083,Desert steppe,46.883333,89.283333,3,0.104192,0.616644,14.11111111,2370.888889,149,18.79444444,0.730977,33.44444444,1.440633,57.49,521.727267,,,,,,9.075095965,292.86026
ALT-043,Desert steppe,48.25,86,7,0.031247,0.199508,35.88888889,2336.444444,149.5555556,19.93333333,0.234993,72.55555556,1.6195,85.05,1188.927966,,,,,,13.9791648,292.9095154
NMG-P088,Desert steppe,42.566722,112.357667,7,0.118179,0.837406,34.33333333,2457.888889,154.1111111,19.42222222,0.343326,16.88888889,1.57,84.9316,1532.28,288.72,121.79,1942.79,178.5529725,22.8747604,18.0413415,292.9131165
XJYL-P088,Desert steppe,43.516521,81.922191,4,0.122908,0.8349,27.66666667,2393.888889,176.7777778,21.81111111,0.813693,20.33333333,1.221767,64.093333,1017.95,587.84,359.63,1965.42,204.5529725,30.66496791,15.88230713,292.9536743
NMG-P149,Temperate steppe,45.670194,116.396833,6,0.161552,1.45323,32,2314.222222,118.4444444,18.15,0.641254,10.22222222,1.6,101.176667,1609.9,637.85,302.69,2550.44,190.5529725,25.20778827,15.91177144,293.1540833
ALT-023,Desert steppe,47.583333,85.9,4,0.030638,0.172111,34.33333333,2327.222222,148.2222222,19.38333333,0.309032,19.44444444,1.589233,67.9908,410.439818,,,,,,6.036696406,293.5456848
XJYL-P036,Temperate steppe,43.975616,82.161409,10,0.181503,1.46929,39.44444444,2347.333333,147.7777778,19.28333333,0.418751,8.666666667,1.107433,87.623333,966.2,316.65,369.27,1652.12,159.5529725,18.85479522,11.0267433,293.7604675
NMG-P041,Temperate steppe,39.843275,109.711717,5,0.062142,0.450087,74.66666667,2352.777778,117,18.72777778,0.538598,15.22222222,1.53,78.293333,1236.74,480.99,122.11,1839.84,180.5529725,23.4993189,15.79623644,293.858429
NMG-P051,Desert steppe,42.51175,110.116333,4,0.091812,0.602439,30.88888889,2454.444444,167,20.18888889,0.239245,8.666666667,1.61,80.306667,122.26,99.06,51.64,272.96,212.5529725,3.398970599,1.522414073,293.9986572
XJYL-P060,Mountain meadows,43.484671,84.44231,8,0.256597,2.263616,77.33333333,2151.333333,27.33333333,4.866666667,1.302296,358,0.681267,136,1595.93,473.84,265.66,2335.43,243.5529725,17.17227941,11.73477941,294.0181274
ALT-036,Desert steppe,48.166667,86.75,5,0.079903,0.51463,28.88888889,2347,146.1111111,19.33888889,0.487758,52.22222222,1.586467,50.886667,1623.063291,,,,,,31.89564942,294.1005249
ALT-163,Desert steppe,47.066667,89.35,7,0.118135,0.862397,13.88888889,2360.555556,145.4444444,18.53888889,0.736285,21.88888889,1.4943,165.813333,1910.958001,,,,,,11.52475477,294.1380005
ALT-035,Desert steppe,48.083333,86.8,7,0.070685,0.425264,28.55555556,2331.888889,150.1111111,19.86111111,0.686136,48.11111111,1.654333,43.506667,1693.249811,,,,,,38.91931807,294.4303894
ALT-134,Desert steppe,46.45,87.5,4,0.016179,0.098958,20.33333333,2350.555556,178,21.52777778,0.542348,8,1.447133,50.124167,582.588531,,,,,,11.62290699,294.4917297
ALT-085,Desert steppe,47.1,88.7,3,0.046928,0.281472,15.33333333,2363.333333,160.4444444,20.00555556,0.795384,25.44444444,1.5339,120.876667,586.749085,,,,,,4.854113698,294.839386
ALT-128,Desert steppe,46.083333,87.566667,4,0.045045,0.258222,20.55555556,2356.777778,198.3333333,22.68888889,0.783972,11.88888889,1.397767,64.926,540.585489,,,,,,8.326178865,294.9700012
ALT-129,Desert steppe,46.216667,87.733333,4,0.041184,0.226415,19.55555556,2355.444444,184.8888889,21.98888889,0.356935,9.444444444,1.427067,185.234,467.69705,,,,,,2.524898507,295.0739746
ALT-210,Desert steppe,46.333333,90.083333,5,0.055772,0.510525,14.11111111,2359.444444,150.4444444,18.85555556,0.69719,28.22222222,1.572433,171.116667,805.808847,,,,,,4.70911958,295.2876282
ALT-104,Desert steppe,47.7,88.416667,3,0.081566,0.610923,16.22222222,2351.666667,151,19.6,0.519983,47.55555556,1.549533,147.163333,1096.700023,,,,,,7.452264098,295.5876465
ALT-133,Desert steppe,46.316667,87.266667,6,0.061881,0.483423,21.77777778,2351.333333,183.3333333,21.79444444,0.367713,6.111111111,1.646333,80.2975,823.443949,,,,,,10.2549139,295.723175
ALT-049,Desert steppe,48.016667,86.75,9,0.042949,0.352734,26.77777778,2348.333333,152.1111111,20.21111111,0.397748,41.11111111,1.716467,41.68,1285.778066,,,,,,30.84880197,295.7872925
ALT-084,Desert steppe,46.966667,89.066667,3,0.049934,0.335527,14.66666667,2370.666667,156.2222222,19.42777778,0.61213,27.33333333,1.452067,26.84,577.094199,,,,,,21.50127418,296.0206604
ALT-139,Desert steppe,46.65,88.65,4,0.02755,0.18497,16.66666667,2359.222222,155.5555556,19.71111111,0.45947,17.66666667,1.852367,55.946667,569.694878,,,,,,10.18282069,296.0745544
NMG-P066,Temperate steppe,41.782889,111.27275,4,0.135955,1.033261,44.22222222,2422,134.3333333,17.98888889,0.506695,88.66666667,1.64,75.401733,828.82,235.46,107.82,1172.1,143.5529725,15.54473556,10.99205505,296.2599792
ALT-171,Desert steppe,46.85,89.45,10,0.089827,0.494564,14.22222222,2371.222222,150.5555556,18.87777778,0.7397,34.55555556,1.769633,137.366667,976.72847,,,,,,7.110374673,296.3033142
NMG-P045,Temperate steppe,40.968028,109.243361,7,0.092586,0.636316,49.22222222,2406.333333,154.8888889,20.55555556,0.533941,24.77777778,1.5,56.683333,1066.88,236.11,164.34,1467.33,193.5529725,25.88644532,18.82175842,296.4739685
NMG-P089,Desert steppe,42.124389,112.185583,4,0.10326,0.734862,41.33333333,2408.333333,132.5555556,17.97777778,0.231554,10.77777778,1.52,500.845,1456.28,407.59,141.6,2005.47,225.5529725,4.004172948,2.907646078,296.4856873
ALT-132,Desert steppe,46.516667,87.816667,4,0.037246,0.275134,18.88888889,2353.777778,168.2222222,20.92777778,0.460985,10.11111111,1.835033,76.574167,715.747088,,,,,,9.347109032,296.7454834
NMG-P067,Desert steppe,42.2625,110.992417,5,0.062229,0.400873,35.33333333,2424.555556,161.5555556,20.08333333,0.424469,5.333333333,1.45,172.91,1301.69,400.44,169.21,1871.34,101.5529725,10.82262449,7.528136025,296.7858276
ALT-087,Desert steppe,47.6,88.55,6,0.103116,0.891959,17.88888889,2306.666667,130.7777778,17.54444444,0.512644,37.22222222,1.4436,82.218667,837.025164,,,,,,10.18047597,296.8679504
ALT-122,Desert steppe,46.8,88.3,3,0.031381,0.193856,17.44444444,2354.888889,155.4444444,19.84444444,0.461713,17.11111111,1.6992,107.68,555.333611,,,,,,5.157258646,296.8773499
ALT-103,Desert steppe,47.55,88.45,6,0.106414,0.826114,16.11111111,2354.111111,148.8888889,19.38333333,1.311798,40.55555556,1.6086,58.333333,876.356696,,,,,,15.02325773,297.1166687
ALT-046,Temperate steppe,48.166667,86.366667,7,0.028197,0.24104,31.11111111,2343.666667,142.6666667,19.53888889,2.124485,22.44444444,1.530033,146.976667,2241.094598,,,,,,15.24796176,297.2737732
ALT-158,Desert steppe,46.766667,89.216667,5,0.061814,0.571559,14.44444444,2370.888889,154.6666667,19.27222222,0.531158,29.77777778,1.646633,89.136667,778.120007,,,,,,8.729516519,297.3740234
ALT-017,Desert steppe,47.35,86.416667,5,0.074737,0.459467,30.55555556,2327.777778,133.8888889,18.15,0.529605,18.77777778,1.537967,54.16,1892.11162,,,,,,34.93559121,297.6348572
ALT-072,Desert steppe,47.6,86.966667,5,0.032077,0.152911,22.77777778,2360.222222,153.1111111,20.26666667,0.392017,28.44444444,1.703467,43.45,417.995989,,,,,,9.620160852,297.7001038
ALT-172,Desert steppe,46.733333,89.4,4,0.058055,0.709785,13.88888889,2373.222222,156,19.39444444,0.705641,29.11111111,1.667233,54.213333,726.453468,,,,,,13.39990419,298.1710815
ALT-063,Mountain meadows,48.533333,87.116667,13,0.577491,5.394083,37.33333333,2239.222222,70,11.35,0.851504,60.66666667,0.850033,114.803333,2109.169934,,,,,,18.372027,298.1892395
ALT-138,Desert steppe,46.816667,88.783333,5,0.064376,0.80925,15.66666667,2364.888889,160.5555556,20.05,0.369158,20.44444444,1.803,80.788667,648.095071,,,,,,8.022103781,298.3450012
XJYL-P099,Temperate steppe,43.097068,81.993969,10,0.5075,4.363222,37.66666667,2372.666667,140.4444444,18.4,0.704642,35.33333333,0.998333,94.99,282.88,39.95,13.64,336.47,18.55297247,3.542162333,2.977997684,298.4014587
ALT-127,Desert steppe,45.916667,87.516667,4,0.02511,0.109773,20.66666667,2356.333333,198.6666667,22.74444444,0.594507,12.55555556,1.6915,76.390667,624.332303,,,,,,8.17288718,298.5856934
ALT-123,Desert steppe,46.983333,88.466667,4,0.051457,0.347731,15.88888889,2365,158.8888889,20.05,0.711113,18.77777778,1.606133,59.626667,702.749477,,,,,,11.78582524,298.8474426
ALT-025,Desert steppe,47.716667,86.016667,5,0.053864,0.365954,32,2341,154.4444444,20.07777778,0.328483,27.77777778,1.5632,73.173333,2434.10753,,,,,,33.26495364,298.8706665
NMG-P131,Temperate meadow steppe,45.160056,121.571583,5,0.084554,0.652556,78.55555556,2312.777778,120.2222222,21.04444444,0.859277,63.33333333,1.61,93.936667,167.83,55.48,39.34,262.65,11.55297247,2.796032778,1.786629283,299.0555725
ALT-176,Desert steppe,46.45,89.566667,5,0.04953,0.653303,14,2379,158.6666667,19.62222222,0.715874,34.77777778,1.692867,41.720833,711.151736,,,,,,17.04548267,299.1076965
XJYL-P051,Mountain meadows,43.721131,84.43781,10,0.204408,1.734998,82.33333333,2152.555556,20.55555556,3.35,1.362679,184.8888889,0.8739,64.333333,1354.48,659.76,584.08,2598.32,227.5529725,40.38839399,21.05409337,299.2482605
ALT-195,Desert steppe,46.516667,90.766667,5,0.070817,0.49768,14,2325.777778,120.2222222,16.50555556,1.991628,25.88888889,1.630433,134.6,676.843414,,,,,,5.028554339,299.3345337
ALT-094,Mountain meadows,47.983333,88.333333,8,0.402806,4.107093,27,2212.333333,44.22222222,7.088888889,1.091254,45,1.091333,80.916667,1865.466737,,,,,,23.05417173,299.4201355
ALT-157,Desert steppe,46.616667,89.066667,4,0.054964,0.479413,15.55555556,2366.555556,152.5555556,19.20555556,0.728492,21.44444444,1.4655,65.84,694.434162,,,,,,10.54729894,299.4798279
ALT-147,Desert steppe,46.45,89.033333,6,0.010191,0.090361,15.88888889,2367.222222,161.7777778,19.97777778,1.105746,18.44444444,1.682767,66.744167,944.46892,,,,,,14.15058368,299.8791199
ALT-088,Desert steppe,47.5,88.4,5,0.064506,0.456452,16.66666667,2350.666667,148.5555556,19.26111111,0.87598,36.11111111,1.616567,50.826667,1784.232338,,,,,,35.10425616,299.9297485
ALT-177,Desert steppe,46.65,89.6,4,0.071014,0.440648,14.11111111,2370,152.3333333,19.07222222,0.493328,31.66666667,1.6613,77.0645,1239.508464,,,,,,16.08403953,300.0697937
ALT-120,Desert steppe,47,87.016667,3,0.072726,0.532548,23.66666667,2329.777778,160.2222222,20.28888889,0.487199,17.88888889,1.717267,95.573333,1123.959144,,,,,,11.76017524,300.3531494
ALT-189,Temperate steppe,46.783333,90.5,10,0.177955,1.524306,15.55555556,2301.555556,115.3333333,15.95,0.724164,12.33333333,1.653067,100.033333,1131.432708,,,,,,11.31055693,300.3814087
ALT-145,Desert steppe,46.316667,88.883333,5,0.027344,0.140109,16.66666667,2370.111111,159.8888889,19.89444444,0.622935,17.22222222,1.5515,176.73,774.512041,,,,,,4.38245935,300.3886414
ALT-024,Desert steppe,47.75,85.75,5,0.029813,0.232811,33.66666667,2337,157.8888889,20.4,0.289975,24.33333333,1.5919,34.558933,354.074766,,,,,,10.24553524,300.4118042
ALT-144,Desert steppe,46.25,88.95,5,0.037812,0.232347,16.77777778,2366.555556,159.7777778,19.92222222,0.73407,17.33333333,1.4843,55.645,842.121274,,,,,,15.13381749,300.7047729
ALT-175,Desert steppe,46.4,89.45,7,0.033496,0.198693,14.22222222,2379.666667,158.6666667,19.65,0.72164,31.33333333,1.544967,49.795,789.157407,,,,,,15.84812545,300.7582092
NMG-P042,Temperate steppe,39.924222,109.098,6,0.055556,0.331729,63.77777778,2365.333333,126.6666667,18.84444444,0.36877,21.88888889,1.63,105.2,362.77,60.73,28.58,452.08,24.55297247,4.297338403,3.44838403,300.7684326
ALT-130,Desert steppe,46.266667,87.9,4,0.030733,0.212186,18.88888889,2357.888889,191.7777778,22.34444444,0.331112,13.11111111,1.471567,108.996,677.845629,,,,,,6.218995459,301.0173645
ALT-090,Desert steppe,47.433333,88.183333,3,0.042665,0.29485,15.77777778,2366.555556,159.3333333,20.37222222,0.686984,27.77777778,1.707033,91.24,579.012884,,,,,,6.346042131,301.7374573
ALT-067,Desert steppe,48.033333,86.883333,5,0.033857,0.267142,26.44444444,2348.222222,152,20.00555556,0.402924,43.77777778,1.746367,58.936667,893.578388,,,,,,15.16167156,301.9118958
XJYL-P080,Desert steppe,43.416913,82.600245,1,0.09579,0.578561,27.22222222,2408.666667,178.3333333,22.22777778,0.722445,31,1.3589,52.133333,58.35,25.49,22.98,106.82,6.552972472,2.048976995,1.119245531,301.9315491
XJYL-P114,Desert steppe,43.205249,81.640601,9,0.229066,1.679107,35.11111111,2377.555556,151.5555556,19.33333333,0.854078,35.22222222,1.132733,74.806667,1589.11,377.39,299.12,2265.62,203.5529725,30.28633798,21.2428927,302.3745117
NMG-P177,Temperate steppe,49.139139,116.972972,7,0.232136,2.119964,53.33333333,2164.222222,99.55555556,17.22222222,0.810215,39.33333333,1.32,176.18,168.86,126.07,108.47,403.4,7.552972472,2.289703712,0.958451584,302.4354553
ALT-101,Desert steppe,47.266667,88.466667,5,0.03427,0.250716,15.22222222,2370.333333,157.2222222,19.96111111,0.791176,29,1.781733,38.1796,455.147527,,,,,,11.92122304,302.8639832
ALT-026,Desert steppe,47.833333,86.216667,5,0.025734,0.176054,28.88888889,2347.555556,160.6666667,20.72222222,0.365695,36.33333333,1.719667,41.9608,448.178306,,,,,,10.68088087,303.9348755
ALT-214,Desert steppe,46.683333,90.166667,7,0.074979,0.654587,16.44444444,2313.777778,117.7777778,16.05555556,0.63053,29.33333333,1.5532,55.563333,1246.785555,,,,,,22.43899866,304.0195618
ALT-173,Desert steppe,46.533333,89.35,5,0.044642,0.346105,14.22222222,2374.666667,154,19.35555556,0.547393,29.66666667,1.892833,73,1376.822443,,,,,,18.86058141,304.3366089
XJYL-P057,Temperate steppe,43.725955,83.619657,15,0.825715,7.492395,48.55555556,2326,58.44444444,12.00555556,0.351925,33.88888889,0.855,118.333333,2787.57,802.07,479.6,4069.24,25.55297247,34.38794376,23.55692964,304.5316772
XJYL-P039,Mountain meadows,43.689666,82.37677,7,0.251475,2.146318,41.11111111,2344.333333,144.1111111,19.03888889,1.050105,62.55555556,1.102067,94.653333,1050.32,142.58,83.47,1276.37,129.5529725,13.48468099,11.0964925,304.5577393
ALT-215,Temperate steppe,46.666667,90.316667,9,0.038671,0.251489,15.22222222,2326,124.5555556,16.85555556,0.134364,11.66666667,1.434533,185.11,1812.176971,,,,,,9.789730274,304.6040344
ALT-061,Desert steppe,47.45,86.8,5,0.043055,0.240469,26.44444444,2333.666667,150.7777778,19.51666667,0.543683,28.77777778,1.6423,27.9207,564.614934,,,,,,20.22209092,305.0806274
ALT-082,Desert steppe,46.216667,89.55,6,0.021966,0.104432,14.55555556,2373.222222,157.8888889,19.50555556,0.607007,27.77777778,1.6071,19.475867,487.624012,,,,,,25.03734555,305.104248
ALT-182,Desert steppe,46.25,89.833333,5,0.04488,0.196556,13.88888889,2374,155.7777778,19.35,0.506874,29.11111111,1.759767,67.04,1054.518728,,,,,,15.72969463,305.5733948
ALT-107,Desert steppe,47.633333,88.016667,4,0.080342,0.548235,16.88888889,2362.333333,143.5555556,19.43333333,0.924009,29.33333333,1.678933,49.64,559.217602,,,,,,11.26546338,305.8856812
ALT-039,Desert steppe,47.983333,85.733333,4,0.042141,0.307053,34.44444444,2335.666667,157.2222222,20.67222222,0.401167,34.33333333,1.660067,326.546667,579.722476,,,,,,1.775312795,306.0164795
ALT-038,Desert steppe,48.05,85.65,5,0.021898,0.134669,36.22222222,2327.444444,156,20.59444444,0.180579,38.66666667,1.589167,27.8976,401.428505,,,,,,14.38935625,306.2688599
ALT-202,Desert steppe,46.2,90.483333,6,0.067218,0.271112,13.33333333,2353.777778,149,18.85555556,1.52282,26.22222222,1.850667,48.685833,859.41142,,,,,,17.65218683,307.3724976
ALT-091,Desert steppe,47.55,88.183333,5,0.049503,0.343092,17.22222222,2358.222222,154.3333333,19.88333333,1.181493,32.55555556,1.665567,22.643333,770.102102,,,,,,34.01010364,307.6630859
ALT-212,Desert steppe,46.583333,90.233333,6,0.117638,0.81567,15.55555556,2328.888889,121.8888889,16.45555556,0.536879,10,1.534767,52.09,1126.883582,,,,,,21.6333957,308.5877686
ALT-092,Desert steppe,47.65,88.25,3,0.068684,0.464699,16.44444444,2361.666667,141.6666667,19.27777778,0.631973,38.88888889,1.662733,62.173333,593.544519,,,,,,9.5466093,308.8968811
XJYL-P032,Mountain meadows,44.459664,80.722422,9,0.211112,1.873671,48,2246.333333,107.4444444,14.57222222,1.188889,26.88888889,1.154533,159.296667,1050.31,499.44,223.58,1773.33,105.5529725,11.13224798,6.593421066,314.2496338
ALT-118,Desert steppe,46.866667,87.333333,3,0.098083,0.506052,20.77777778,2340.222222,165.5555556,20.97222222,0.547768,11.33333333,1.369833,89.25,692.378375,,,,,,7.757740896,318.5183716
XJYL-P014,Temperate steppe,44.000523,81.852883,7,0.13152,1.02893,37.11111111,2345.444444,153.3333333,19.61666667,0.401725,35,1.276733,360.626667,306.26,279.3,241.63,827.19,8.552972472,2.293757161,0.849243908,322.0223999
