site,grassType,latitude,longitude,species diveristy,soil bulk density,aboveground biomass,belowground biomass,total nitrogen,soil organic carbon,eos,precipitation,shortwave radiation,vapour pressure dificit,mean temprature,Phosphorus,soil moisture
ALT-002,Desert steppe,47.566667,86.333333,8,1.641933,10.873333,1655.232113,0.054304,0.339617,294.229187,30.55555556,2333.444444,142.7777778,18.88333333,0.384629,23.44444444
ALT-003,Desert steppe,47.55,86.333333,6.666667,1.874467,39.82,2461.402288,0.054606,0.296685,298.0415039,30.55555556,2333.444444,142.7777778,18.88333333,0.419288,23.44444444
ALT-004,Desert steppe,47.55,86.1,5.666667,1.576,86.17,668.857855,0.037617,0.240184,288.9822693,33,2324.333333,141.2222222,18.90555556,0.220225,20.77777778
ALT-005,Desert steppe,47.45,85.983333,4.333333,1.569367,50.626667,2024.686159,0.131338,1.025296,286.3338928,35.88888889,2318.777778,131.4444444,17.89444444,0.502838,17.66666667
ALT-006,Desert steppe,47.55,85.716667,4.333333,1.709067,109.443333,2075.376424,0.059102,0.366176,281.8438416,35,2324,151.6666667,19.90555556,0.358931,18.33333333
ALT-008,Desert steppe,47.183333,86.766667,6.333333,1.652733,33.84,1555.801208,0.093691,0.539252,303.855011,26.66666667,2323.333333,152.5555556,19.63333333,0.883998,18.88888889
NMG-P128,Temperate steppe,44.194639,120.352139,2,1.563583,108.841333,116.082667,0.034405,0.257068,287.9191589,68.55555556,2351.666667,127.1111111,20.95555556,0.743836,18
NMG-P078,Temperate steppe,43.693778,113.937806,2.333333,1.582767,48.87,1704.732775,0.168154,1.37708,272.4569397,33.55555556,2418.444444,154.5555556,19.58333333,0.200204,7.333333333
ALT-179,Mountain meadows,46.733333,89.933333,8,1.2771,113.526667,674.895386,0.236146,2.096696,280.5661621,17.88888889,2300.111111,102,14.25,0.771625,89.55555556
ALT-193,Mountain meadows,46.75,90.883333,12.666667,1.329567,122.896667,1142.155649,0.367167,3.671291,279.2441101,21.77777778,2207.666667,38.88888889,6.911111111,1.364251,136
NMG-P046,Temperate steppe,41.019497,110.057288,2.666667,1.571383,40.16,1482.912907,0.117795,0.883454,275.3456726,58.88888889,2409.888889,136,19.07777778,0.232437,16.88888889
NMG-P086,Temperate steppe,42.468028,112.953611,3,1.59045,9.34,1050.640222,0.123867,0.854729,281.4692993,35.55555556,2471.444444,162.8888889,20.23888889,0.333567,56.66666667
ALT-016,Desert steppe,47.366667,86.15,4.666667,1.5206,59.866667,3493.729029,0.122555,0.817882,272.0439758,35.88888889,2301.777778,128.2222222,17.43888889,0.621109,18.11111111
ALT-017,Desert steppe,47.35,86.416667,4.666667,1.537967,54.16,1892.11162,0.074737,0.459467,297.6348572,30.55555556,2327.777778,133.8888889,18.15,0.529605,18.77777778
ALT-018,Desert steppe,47.5,86.333333,4.666667,1.7489,36.82,1693.249811,0.058813,0.304168,291.2160645,29.44444444,2338.555556,141.4444444,18.87777778,0.438812,21.66666667
ALT-191,Mountain meadows,46.816667,90.7,13.333333,0.917933,103.713333,1147.679588,0.517578,5.082678,279.7968445,20.44444444,2220,58.77777778,9.666666667,1.047334,20.66666667
NMG-P066,Temperate steppe,41.782889,111.27275,4,1.63985,75.401733,1302.259498,0.135955,1.033261,304.5577393,44.22222222,2422,134.3333333,17.98888889,0.506695,88.66666667
NMG-P082,Temperate steppe,42.372389,114.937694,4,1.211867,330.24,2689.119332,0.198965,1.781794,277.0294189,52.77777778,2380.111111,112.8888889,17.14444444,1.134248,81.77777778
NMG-P047,Temperate steppe,41.121639,110.048583,4,1.353783,211.406667,2707.956159,0.168937,1.370792,277.6069641,58.55555556,2403.444444,132.4444444,18.53333333,0.827397,36.11111111
ALT-023,Desert steppe,47.583333,85.9,4.333333,1.589233,67.9908,410.439818,0.030638,0.172111,293.5456848,34.33333333,2327.222222,148.2222222,19.38333333,0.309032,19.44444444
ALT-024,Desert steppe,47.75,85.75,5.333333,1.5919,34.558933,354.074766,0.029813,0.232811,300.4118042,33.66666667,2337,157.8888889,20.4,0.289975,24.33333333
ALT-025,Desert steppe,47.716667,86.016667,5.333333,1.5632,73.173333,2434.10753,0.053864,0.365954,298.8706665,32,2341,154.4444444,20.07777778,0.328483,27.77777778
ALT-026,Desert steppe,47.833333,86.216667,4.666667,1.719667,41.9608,448.178306,0.025734,0.176054,303.9348755,28.88888889,2347.555556,160.6666667,20.72222222,0.365695,36.33333333
ALT-027,Lowland meadows,47.933333,86.3,7.333333,1.347133,40.56,2361.971383,0.026141,0.177077,285.7263184,28.77777778,2351.333333,153.8888889,20.38888889,0.311189,41.88888889
ALT-192,Mountain meadows,46.833333,90.816667,12.333333,1.1053,117.74,1193.170852,0.438767,4.373799,272.7637329,23,2199.222222,30.11111111,5.344444444,1.509519,132.4444444
XJYL-P091,Mountain meadows,43.342515,81.807458,12.666667,1.520167,370.9,1214.379595,0.277348,2.579248,270.5031433,48.55555556,2299.888889,99.66666667,14.91666667,1.093865,123.2222222
XJYL-P070,Mountain meadows,43.269285,84.517631,7.333333,1.0999,58.54,1220.156853,0.295141,2.509284,268.5401611,47.33333333,2285.111111,56.44444444,10.88888889,1.259482,190.1111111
ALT-149,Mountain meadows,47.433333,89.416667,7.666667,1.106667,52.83,1241.261616,0.350755,3.479485,264.6087646,19,2246.111111,69.22222222,10.80555556,0.936254,143.3333333
XJYL-P064,Mountain meadows,43.3842,84.379264,10.333333,1.1022,181.666667,1281.684648,0.426734,3.81453,261.4938049,58.33333333,2223.666667,45.11111111,9.155555556,1.294226,151.7777778
NMG-P065,Temperate steppe,41.665278,112.107083,4.333333,1.53455,34.813333,1384.831502,0.171434,1.469674,284.1264343,48.55555556,2422.444444,116,16.55,0.374278,22.22222222
NMG-P040,Temperate steppe,39.849389,109.787139,4.333333,1.452033,212.53,1742.7312,0.083115,0.658124,276.3945923,75.11111111,2353.666667,116.4444444,18.74444444,0.321176,10.77777778
ALT-035,Desert steppe,48.083333,86.8,6.666667,1.654333,43.506667,1693.249811,0.070685,0.425264,294.4303894,28.55555556,2331.888889,150.1111111,19.86111111,0.686136,48.11111111
ALT-036,Desert steppe,48.166667,86.75,5.333333,1.586467,50.886667,1623.063291,0.079903,0.51463,294.1005249,28.88888889,2347,146.1111111,19.33888889,0.487758,52.22222222
ALT-037,Desert steppe,48.266667,85.683333,4.666667,1.7243,27.8352,366.297029,0.029737,0.18218,289.3890991,39.11111111,2323.222222,146.6666667,19.89444444,0.214505,86.44444444
ALT-038,Desert steppe,48.05,85.65,5.333333,1.589167,27.8976,401.428505,0.021898,0.134669,306.2688599,36.22222222,2327.444444,156,20.59444444,0.180579,38.66666667
ALT-039,Desert steppe,47.983333,85.733333,3.666667,1.660067,326.546667,579.722476,0.042141,0.307053,306.0164795,34.44444444,2335.666667,157.2222222,20.67222222,0.401167,34.33333333
ALT-040,Lowland meadows,48.083333,85.916667,7.333333,1.5545,447.6,1432.974797,0.018323,0.099239,274.9392395,33.77777778,2340.222222,144.5555556,19.84444444,0.240715,52.33333333
ALT-042,Desert steppe,48.3,85.983333,6.333333,1.556767,35.646667,1103.488075,0.04029,0.29029,282.6286621,36.33333333,2336.222222,144.5555556,19.62222222,0.297217,76.77777778
ALT-043,Desert steppe,48.25,86,7.333333,1.6195,85.05,1188.927966,0.031247,0.199508,292.9095154,35.88888889,2336.444444,149.5555556,19.93333333,0.234993,72.55555556
XJYL-P004,Temperate steppe,43.54684,81.032919,4.333333,1.139967,121.696667,2168.493724,0.146047,1.142001,261.0048523,29.33333333,2374.666667,170.4444444,20.55555556,0.287318,102.5555556
NMG-P106,Temperate steppe,45.341556,116.789778,4.333333,1.513033,371.196667,2793.04665,0.144052,1.174404,283.1821594,33.77777778,2318.666667,118.7777778,18.21666667,1.022338,31.22222222
XJYL-P078,Temperate steppe,43.374563,83.038817,4.666667,1.146167,299.04,1245.576787,0.218243,1.813554,253.2046051,34.77777778,2376.666667,143.4444444,19.66111111,0.343738,25.22222222
ALT-048,Desert steppe,48.133333,86.666667,8.666667,1.661633,40.786667,577.08917,0.042692,0.350877,289.5195313,29.44444444,2335.222222,146.1111111,19.46111111,0.415831,52.22222222
ALT-049,Desert steppe,48.016667,86.75,8.666667,1.716467,41.68,1285.778066,0.042949,0.352734,295.7872925,26.77777778,2348.333333,152.1111111,20.21111111,0.397748,41.11111111
ALT-050,Desert steppe,47.9,86.416667,5.333333,1.651367,54.016667,835.414559,0.012781,0.113324,292.7445679,28,2352.333333,156.7777778,20.58888889,0.407077,40.22222222
ALT-051,Lowland meadows,47.933333,86.616667,7.333333,1.0349,438.666667,3693.565651,0.116476,0.858313,290.1230774,27.22222222,2348.777778,147.1111111,20.02777778,0.591304,39.44444444
ALT-053,Desert steppe,47.65,86.6,5.666667,1.630833,29.84,1114.883229,0.034376,0.241098,286.04422,28.22222222,2335.111111,145.3333333,19.15,0.263131,27.33333333
ALT-054,Desert steppe,47.65,86.75,8,1.727,23.17,960.190595,0.040744,0.240876,287.9641113,27.11111111,2339.333333,143.3333333,19.20555556,0.320103,30.77777778
XJYL-P140,Mountain meadows,43.074943,80.645597,14,0.6982,358.286667,1298.438696,0.827037,7.723635,274.3493958,49.33333333,2311.333333,93.22222222,13.52222222,1.15238,334.5555556
ALT-056,Lowland meadows,48.416667,87.1,12.333333,0.425433,346.056667,2941.335117,0.554551,5.037106,260.6860352,39.66666667,2220.555556,62.22222222,9.905555556,1.309836,291.3333333
NMG-P131,Temperate meadow steppe,45.160056,121.571583,5.333333,1.611417,53.936667,623.563903,0.084554,0.652556,288.0811768,78.55555556,2312.777778,120.2222222,21.04444444,0.859277,63.33333333
NMG-P151,Temperate meadow steppe,45.9385,117.594167,6,1.610683,120.323333,808.684437,0.091138,0.75739,282.8009644,40.88888889,2264,104.6666667,17.09444444,0.689138,59.33333333
ALT-061,Desert steppe,47.45,86.8,5.333333,1.6423,27.9207,564.614934,0.043055,0.240469,305.0806274,26.44444444,2333.666667,150.7777778,19.51666667,0.543683,28.77777778
XJYL-P137,Mountain meadows,43.207398,81.303211,11,0.870167,49.356667,1309.704349,0.588221,5.574751,260.4863281,43.33333333,2343.333333,101.1111111,14.81666667,1.11067,168
ALT-190,Mountain meadows,46.816667,90.683333,14,1.470867,106.66,1343.584465,0.227215,1.960285,269.7968445,20.44444444,2220,58.77777778,9.666666667,1.10788,205.3333333
ALT-064,Desert steppe,48.1,87.233333,6.333333,1.321833,70.360833,969.938723,0.136352,1.188141,280.5778198,25.22222222,2324.888889,136.8888889,18.68888889,0.742841,46.88888889
ALT-065,Desert steppe,48.1,87.25,6,1.435333,52.866667,1622.088478,0.075044,0.49912,280.5778198,26.66666667,2316.111111,127.4444444,17.62777778,0.705319,44.77777778
ALT-066,Desert steppe,48.066667,87.016667,5.666667,1.419533,81.84,1377.085531,0.105734,0.900006,287.9877625,27.77777778,2320.333333,136.6666667,18.48333333,0.623942,44.55555556
ALT-067,Desert steppe,48.033333,86.883333,4.666667,1.746367,58.936667,893.578388,0.033857,0.267142,301.9118958,26.44444444,2348.222222,152,20.00555556,0.402924,43.77777778
ALT-068,Desert steppe,47.816667,87.333333,2.333333,1.742533,104.919167,685.852485,0.039179,0.25818,288.6316528,21.55555556,2354.222222,144.1111111,19.76111111,0.742512,39.44444444
ALT-069,Lowland meadows,47.733333,87.116667,8.333333,1.636567,290.266667,1422.576794,0.033501,0.228109,284.3213501,22,2355.666667,143.7777778,19.77222222,0.707674,35
ALT-070,Lowland meadows,47.916667,86.833333,9.666667,1.357367,69.766667,1063.520751,0.106406,0.872098,283.9511108,25.44444444,2340.111111,147.1111111,20.03333333,0.510689,40.11111111
ALT-072,Desert steppe,47.6,86.966667,4.666667,1.703467,43.45,417.995989,0.032077,0.152911,297.7001038,22.77777778,2360.222222,153.1111111,20.26666667,0.392017,28.44444444
ALT-082,Desert steppe,46.216667,89.55,5.666667,1.6071,19.475867,487.624012,0.021966,0.104432,305.104248,14.55555556,2373.222222,157.8888889,19.50555556,0.607007,27.77777778
ALT-083,Desert steppe,46.883333,89.283333,3.333333,1.440633,57.49,521.727267,0.104192,0.616644,292.86026,14.11111111,2370.888889,149,18.79444444,0.730977,33.44444444
ALT-084,Desert steppe,46.966667,89.066667,3.333333,1.452067,26.84,577.094199,0.049934,0.335527,296.0206604,14.66666667,2370.666667,156.2222222,19.42777778,0.61213,27.33333333
ALT-085,Desert steppe,47.1,88.7,2.666667,1.5339,120.876667,586.749085,0.046928,0.281472,294.839386,15.33333333,2363.333333,160.4444444,20.00555556,0.795384,25.44444444
ALT-086,Lowland meadows,47.516667,88.65,7.333333,0.848533,79.573333,3092.431099,0.189275,1.546399,290.9533997,15.88888889,2340.333333,139.5555556,18.40555556,1.008889,38.44444444
ALT-087,Desert steppe,47.6,88.55,6,1.4436,82.218667,837.025164,0.103116,0.891959,296.8679504,17.88888889,2306.666667,130.7777778,17.54444444,0.512644,37.22222222
ALT-088,Desert steppe,47.5,88.4,4.666667,1.616567,50.826667,1784.232338,0.064506,0.456452,299.9297485,16.66666667,2350.666667,148.5555556,19.26111111,0.87598,36.11111111
ALT-089,Lowland meadows,47.283333,88.166667,9.666667,1.351667,417.163333,2847.103214,0.065702,0.554311,280.0726318,16.22222222,2364,147.2222222,19.75555556,0.818229,25.88888889
ALT-090,Desert steppe,47.433333,88.183333,3.333333,1.707033,91.24,579.012884,0.042665,0.29485,301.7374573,15.77777778,2366.555556,159.3333333,20.37222222,0.686984,27.77777778
ALT-091,Desert steppe,47.55,88.183333,5.333333,1.665567,22.643333,770.102102,0.049503,0.343092,307.6630859,17.22222222,2358.222222,154.3333333,19.88333333,1.181493,32.55555556
ALT-092,Desert steppe,47.65,88.25,3.333333,1.662733,62.173333,593.544519,0.068684,0.464699,308.8968811,16.44444444,2361.666667,141.6666667,19.27777778,0.631973,38.88888889
ALT-055,Mountain meadows,48.416667,87.2,11,0.943533,207.08,1359.213963,0.416167,3.865508,268.3508606,40.44444444,2207.444444,56,8.927777778,1.627119,278.2222222
XJYL-P071,Mountain meadows,43.270076,84.456487,15.333333,0.9975,389.84,1419.472247,0.639233,5.487734,268.943512,49.77777778,2282.888889,50.88888889,10.22777778,1.244045,205.5555556
XJYL-P011,Mountain meadows,43.392535,81.047564,11,0.6169,22.85,1468.867802,0.422168,4.007313,269.7523499,71.55555556,2197.111111,46.66666667,7.016666667,0.769075,45.44444444
ALT-097,Mountain meadows,48.05,88.933333,6.666667,0.956833,201.333333,1479.440873,0.481205,4.549411,259.2810059,21,2216.888889,47.77777778,7.85,1.523131,69.33333333
XJYL-P072,Mountain meadows,43.150561,84.371512,13,0.992067,167.376667,1500.931583,0.445836,3.740666,267.8687134,59.22222222,2220.777778,40.33333333,8.405555556,1.286421,69.33333333
XJYL-P119,Mountain meadows,42.645066,80.282779,8.333333,1.099967,37.64,1503.531349,0.362002,2.992276,268.2293701,51.11111111,2327.111111,102,13.22777778,1.105025,164.5555556
ALT-223,Mountain meadows,43.683333,91.35,10,1.140867,37.01,1524.282262,0.170194,1.082242,287.6211243,16.11111111,2374.333333,137.2222222,16.48333333,1.136117,39.88888889
ALT-155,Mountain meadows,47.321158,90.025755,7,0.9036,260.433333,1545.403205,0.151283,1.385629,262.3742676,16.88888889,2266.444444,73.77777778,11.77777778,1.533421,34.88888889
ALT-101,Desert steppe,47.266667,88.466667,5.333333,1.781733,38.1796,455.147527,0.03427,0.250716,302.8639832,15.22222222,2370.333333,157.2222222,19.96111111,0.791176,29
ALT-102,Desert steppe,47.383333,88.583333,3,1.58,69.65,781.704248,0.076057,0.548613,290.25354,15.66666667,2355.444444,153.8888889,19.58888889,0.733818,35.44444444
ALT-103,Desert steppe,47.55,88.45,6.333333,1.6086,58.333333,876.356696,0.106414,0.826114,297.1166687,16.11111111,2354.111111,148.8888889,19.38333333,1.311798,40.55555556
ALT-104,Desert steppe,47.7,88.416667,3.333333,1.549533,147.163333,1096.700023,0.081566,0.610923,295.5876465,16.22222222,2351.666667,151,19.6,0.519983,47.55555556
ALT-105,Desert steppe,47.666667,87.5,4.333333,1.656033,59.866667,427.851763,0.0516,0.407119,286.8580017,19.55555556,2358.111111,145.6666667,19.93333333,0.751591,37.22222222
ALT-107,Desert steppe,47.633333,88.016667,4.333333,1.678933,49.64,559.217602,0.080342,0.548235,305.8856812,16.88888889,2362.333333,143.5555556,19.43333333,0.924009,29.33333333
ALT-108,Lowland meadows,47.733333,88.4,11.333333,1.307367,470.613333,2260.590854,0.131854,1.018787,292.5245361,17.44444444,2338.777778,141.2222222,18.79444444,0.728694,49.55555556
ALT-109,Desert steppe,47.766667,88.316667,6.333333,1.793733,102.086667,799.946186,0.133505,1.048417,286.7012634,17.88888889,2328.777778,137.4444444,18.37777778,0.570977,48.44444444
ALT-110,Desert steppe,47.733333,88.283333,3.666667,1.335067,44.013333,472.134327,0.087275,0.581733,281.6134033,16.55555556,2352.888889,140.8888889,19.00555556,0.68065,44.88888889
XJYL-P017,Mountain meadows,44.264785,81.904532,10.666667,0.7461,334.056667,1566.503459,0.577052,4.981585,263.0243225,59,2252.222222,60.11111111,10.51666667,1.284738,32.66666667
ALT-112,Desert steppe,47.883333,87.683333,5.666667,1.631367,61.996667,1184.072599,0.086026,0.530912,291.2045898,22.77777778,2312.888889,130.8888889,17.88888889,0.745119,38.55555556
ALT-113,Desert steppe,47.783333,87.8,6.666667,1.638733,62.04,1747.189452,0.059407,0.324659,291.1264038,19.22222222,2352.888889,147.5555556,19.6,1.021455,35.11111111
ALT-115,Lowland meadows,47.366667,87.766667,8,0.985833,473.51,3101.529351,0.190738,1.831226,277.3551025,17.55555556,2358.777778,148.5555556,20.00555556,0.80816,26.22222222
ALT-117,Lowland meadows,47.116667,87.55,8,1.5316,134.36,2406.162896,0.064073,0.460811,288.673645,18.88888889,2353.555556,151.5555556,20.17777778,0.530805,12.22222222
ALT-118,Desert steppe,46.866667,87.333333,2.666667,1.369833,89.25,692.378375,0.098083,0.506052,318.5183716,20.77777778,2340.222222,165.5555556,20.97222222,0.547768,11.33333333
ALT-120,Desert steppe,47,87.016667,3.333333,1.717267,95.573333,1123.959144,0.072726,0.532548,300.3531494,23.66666667,2329.777778,160.2222222,20.28888889,0.487199,17.88888889
ALT-122,Desert steppe,46.8,88.3,3,1.6992,107.68,555.333611,0.031381,0.193856,296.8773499,17.44444444,2354.888889,155.4444444,19.84444444,0.461713,17.11111111
ALT-123,Desert steppe,46.983333,88.466667,3.666667,1.606133,59.626667,702.749477,0.051457,0.347731,298.8474426,15.88888889,2365,158.8888889,20.05,0.711113,18.77777778
ALT-127,Desert steppe,45.916667,87.516667,4.333333,1.6915,76.390667,624.332303,0.02511,0.109773,298.5856934,20.66666667,2356.333333,198.6666667,22.74444444,0.594507,12.55555556
ALT-128,Desert steppe,46.083333,87.566667,3.666667,1.397767,64.926,540.585489,0.045045,0.258222,294.9700012,20.55555556,2356.777778,198.3333333,22.68888889,0.783972,11.88888889
ALT-129,Desert steppe,46.216667,87.733333,4.333333,1.427067,185.234,467.69705,0.041184,0.226415,295.0739746,19.55555556,2355.444444,184.8888889,21.98888889,0.356935,9.444444444
ALT-130,Desert steppe,46.266667,87.9,3.666667,1.471567,108.996,677.845629,0.030733,0.212186,301.0173645,18.88888889,2357.888889,191.7777778,22.34444444,0.331112,13.11111111
ALT-132,Desert steppe,46.516667,87.816667,4.333333,1.835033,76.574167,715.747088,0.037246,0.275134,296.7454834,18.88888889,2353.777778,168.2222222,20.92777778,0.460985,10.11111111
ALT-133,Desert steppe,46.316667,87.266667,6.333333,1.646333,80.2975,823.443949,0.061881,0.483423,295.723175,21.77777778,2351.333333,183.3333333,21.79444444,0.367713,6.111111111
ALT-134,Desert steppe,46.45,87.5,3.666667,1.447133,50.124167,582.588531,0.016179,0.098958,294.4917297,20.33333333,2350.555556,178,21.52777778,0.542348,8
ALT-135,Lowland meadows,46.6,87.9,7.333333,1.3434,522.303333,2198.202835,0.044657,0.374248,282.2007446,18.77777778,2346.555556,153.1111111,20.10555556,0.524519,17.77777778
ALT-136,Lowland meadows,46.916667,87.75,7.333333,1.867033,522.47,1413.153604,0.012646,0.071748,282.7053528,18.11111111,2351,150.8888889,20.06666667,0.398283,10.88888889
ALT-137,Lowland meadows,46.716667,87.866667,8.333333,1.453133,494.206667,1545.078268,0.042769,0.281723,284.0799866,18.33333333,2352,154,20.15,0.784993,14
ALT-138,Desert steppe,46.816667,88.783333,5.333333,1.803,80.788667,648.095071,0.064376,0.80925,298.3450012,15.66666667,2364.888889,160.5555556,20.05,0.369158,20.44444444
ALT-139,Desert steppe,46.65,88.65,4.333333,1.852367,55.946667,569.694878,0.02755,0.18497,296.0745544,16.66666667,2359.222222,155.5555556,19.71111111,0.45947,17.66666667
ALT-140,Lowland meadows,46.516667,88.483333,8.333333,1.159467,485.086667,1742.315388,0.024283,0.212575,281.3895264,17.44444444,2355.888889,152.8888889,19.81666667,0.666354,15.44444444
ALT-142,Lowland meadows,46.566667,88.2,8.666667,1.728467,285.536667,1616.564539,0.060479,0.473504,290.8266296,17.66666667,2355.222222,155.7777778,20.10555556,0.656299,15.11111111
ALT-143,Lowland meadows,46.383333,88.7,6.333333,1.167833,395.55,1154.503278,0.080395,0.672282,275.9204407,16.55555556,2356.333333,154.7777778,19.82777778,0.709203,16.33333333
ALT-144,Desert steppe,46.25,88.95,4.666667,1.4843,55.645,842.121274,0.037812,0.232347,300.7047729,16.77777778,2366.555556,159.7777778,19.92222222,0.73407,17.33333333
ALT-145,Desert steppe,46.316667,88.883333,4.666667,1.5515,176.73,774.512041,0.027344,0.140109,300.3886414,16.66666667,2370.111111,159.8888889,19.89444444,0.622935,17.22222222
ALT-147,Desert steppe,46.45,89.033333,6,1.682767,66.744167,944.46892,0.010191,0.090361,299.8791199,15.88888889,2367.222222,161.7777778,19.97777778,1.105746,18.44444444
ALT-062,Mountain meadows,48.716667,86.95,15.333333,0.538067,400.996667,1674.078493,0.787506,7.579102,261.4388123,40.22222222,2254.444444,56.11111111,9.9,1.010851,11.22222222
XJYL-P094,Mountain meadows,42.919305,81.736303,13,0.782267,169,1758.886145,0.523032,4.818071,260.8207397,43.11111111,2348.666667,110.6666667,15.48888889,0.725607,78.88888889
ALT-150,Lowland meadows,47.516667,89.466667,7,0.618967,114.81,1216.566358,0.573352,5.59562,263.698761,19.55555556,2227.444444,50.33333333,8.388888889,0.375982,71.55555556
ALT-099,Mountain meadows,47.6,88.866667,6,1.369333,170.981333,1808.948067,0.210957,1.882527,286.942688,16.66666667,2313.333333,128.7777778,17.35555556,1.229486,83
XJYL-P010,Mountain meadows,43.434667,81.067135,10,0.990267,34.27,1820.702803,0.468014,4.252925,252.7004089,57.77777778,2262,64.11111111,10.14444444,1.032,71.33333333
ALT-094,Mountain meadows,47.983333,88.333333,7.666667,1.091333,80.916667,1865.466737,0.402806,4.107093,259.4201355,27,2212.333333,44.22222222,7.088888889,1.091254,45
XJYL-P141,Mountain meadows,43.031477,80.497203,12.666667,0.725167,131.294333,1881.364011,0.68993,6.920831,259.0048218,54,2315.555556,84.11111111,12.18333333,0.905979,10
ALT-095,Mountain meadows,47.966667,88.183333,8.666667,1.345233,146.146,1917.483483,0.299813,2.731844,274.3753967,24.88888889,2245.888889,87.33333333,13.15555556,1.007574,35.44444444
NMG-P169,Temperate steppe,49.345194,119.463694,4.666667,1.32595,76.433333,1688.494131,0.262542,2.731216,279.7338562,78.44444444,2086,77.22222222,16.04444444,0.175418,6.333333333
ALT-157,Desert steppe,46.616667,89.066667,4.333333,1.4655,65.84,694.434162,0.054964,0.479413,299.4798279,15.55555556,2366.555556,152.5555556,19.20555556,0.728492,21.44444444
ALT-158,Desert steppe,46.766667,89.216667,5.333333,1.646633,89.136667,778.120007,0.061814,0.571559,297.3740234,14.44444444,2370.888889,154.6666667,19.27222222,0.531158,29.77777778
NMG-P050,Temperate steppe,41.678417,110.225639,4.666667,1.467517,96.916667,2265.615515,0.159103,1.299072,302.3745117,48.22222222,2419.222222,138.3333333,18.27222222,0.326613,25.11111111
NMG-P132,Temperate meadow steppe,46.026778,121.705028,6.333333,1.298033,58.163333,827.19649,0.221618,2.238453,272.0223999,88.55555556,2253.666667,93.77777778,18.62777778,0.759809,33.66666667
ALT-161,Desert steppe,47.233333,89.233333,10,1.362733,37.783333,1239.758176,0.096073,0.706969,283.9231567,15.88888889,2318.111111,132,17.35555556,0.625021,33.22222222
ALT-162,Desert steppe,47.133333,89.333333,5.666667,1.680533,42.42,962.465159,0.116689,1.323939,291.5874023,15.66666667,2325.333333,131.3333333,17.30555556,1.106727,37.55555556
ALT-163,Desert steppe,47.066667,89.35,7,1.4943,165.813333,1910.958001,0.118135,0.862397,294.1380005,13.88888889,2360.555556,145.4444444,18.53888889,0.736285,21.88888889
NMG-P083,Temperate steppe,42.4405,114.597333,4.666667,1.282083,326.68,2902.170333,0.148754,1.132159,278.3023376,48.44444444,2399.444444,133.6666667,18.76666667,1.039,42.33333333
NMG-P057,Temperate steppe,39.809738,111.93162,5,1.55555,111.333333,1125.337981,0.059734,0.390992,272.0525513,89.22222222,2348.777778,93.55555556,16.51111111,0.621946,17.44444444
XJYL-P103,Temperate steppe,43.113805,82.319182,5,1.070533,104.666667,1221.312304,0.475615,4.194272,272.8166351,42.88888889,2346.777778,99.44444444,15.08333333,0.658974,22.11111111
NMG-P041,Temperate steppe,39.843275,109.711717,5,1.532167,78.293333,1414.710605,0.062142,0.450087,275.6567383,74.66666667,2352.777778,117,18.72777778,0.538598,15.22222222
ALT-168,Desert steppe,46.983333,89.9,6.333333,1.033033,125,1485.28975,0.258865,2.87216,281.1005859,16.22222222,2311.111111,116.5555556,15.86666667,0.755999,41.22222222
ALT-169,Desert steppe,46.933333,89.566667,6.666667,1.740467,120.83,1683.176746,0.087379,0.902228,290.4884949,12.77777778,2381,153.6666667,19.32777778,0.834416,37.77777778
ALT-171,Desert steppe,46.85,89.45,9.666667,1.769633,137.366667,976.72847,0.089827,0.494564,296.3033142,14.22222222,2371.222222,150.5555556,18.87777778,0.7397,34.55555556
ALT-172,Desert steppe,46.733333,89.4,4,1.667233,54.213333,726.453468,0.058055,0.709785,298.1710815,13.88888889,2373.222222,156,19.39444444,0.705641,29.11111111
ALT-173,Desert steppe,46.533333,89.35,4.666667,1.892833,73,1376.822443,0.044642,0.346105,304.3366089,14.22222222,2374.666667,154,19.35555556,0.547393,29.66666667
ALT-175,Desert steppe,46.4,89.45,7,1.544967,49.795,789.157407,0.033496,0.198693,300.7582092,14.22222222,2379.666667,158.6666667,19.65,0.72164,31.33333333
ALT-176,Desert steppe,46.45,89.566667,5.333333,1.692867,41.720833,711.151736,0.04953,0.653303,299.1076965,14,2379,158.6666667,19.62222222,0.715874,34.77777778
ALT-177,Desert steppe,46.65,89.6,4.333333,1.6613,77.0645,1239.508464,0.071014,0.440648,300.0697937,14.11111111,2370,152.3333333,19.07222222,0.493328,31.66666667
ALT-178,Desert steppe,46.633333,89.85,5.333333,1.4269,85.48,874.963374,0.126686,1.301814,290.0731506,14.44444444,2358.111111,141.6666667,18.18333333,0.785655,27.22222222
XJYL-P032,Mountain meadows,44.459664,80.722422,8.666667,1.154533,159.296667,1955.024048,0.211112,1.873671,268.7185669,48,2246.333333,107.4444444,14.57222222,1.188889,26.88888889
NMG-P064,Temperate steppe,41.366472,112.439028,5,1.443,309.924583,2479.316061,0.238774,2.225147,263.6888123,60.11111111,2397,103.5555556,15.66111111,0.651434,55.44444444
ALT-181,Desert steppe,46.116667,90.016667,3.333333,1.478333,93.266667,679.53941,0.040193,0.287287,282.0404968,13.77777778,2359.111111,157.8888889,19.6,0.541874,28.11111111
ALT-182,Desert steppe,46.25,89.833333,5.333333,1.759767,67.04,1054.518728,0.04488,0.196556,305.5733948,13.88888889,2374,155.7777778,19.35,0.506874,29.11111111
ALT-183,Desert steppe,46.316667,89.633333,5,1.935133,43.2025,1292.785088,0.040397,0.395187,281.9439087,14.11111111,2367.444444,150.1111111,19.17777778,1.143407,59.55555556
XJYL-P058,Mountain meadows,43.539849,84.38753,9.666667,0.4205,91.666667,1976.111039,0.720076,6.921506,266.2605591,70.66666667,2177,33.22222222,6.444444444,0.760876,32.55555556
NMG-P022,Temperate steppe,37.647528,108.320389,5.333333,1.377117,435.179733,810.424533,0.056109,0.391883,276.006958,77,2241.333333,125.3333333,20.17777778,0.598807,18
NMG-P020,Temperate steppe,36.974889,109.272139,5.333333,1.314433,41.126667,1008.094977,0.07014,0.602877,278.3385315,111.1111111,2240.222222,121.4444444,20.60555556,0.465585,70.66666667
NMG-P185,Temperate steppe,47.862028,118.823111,5.333333,1.458583,105.16,1353.978079,0.117653,1.026178,279.4662781,62.66666667,2134.444444,94,16.83888889,0.189176,26.22222222
ALT-188,Desert steppe,46.833333,90.3,8,1.796567,31.678333,1074.601378,0.110884,1.073806,291.7615051,15.33333333,2315,118.5555556,16.22222222,0.647231,25.11111111
NMG-P129,Temperate steppe,44.523611,120.773222,5.333333,1.303817,142.606667,1566.704307,0.236229,1.855138,268.3161011,70.33333333,2359.333333,125.7777778,21.18888889,0.42426,26.44444444
ALT-028,Mountain meadows,48.916667,86.833333,7.666667,1.064467,158.836667,1986.66846,0.435287,4.519584,249.854126,43.11111111,2251,75.44444444,11.95555556,1.759337,57.88888889
ALT-151,Mountain meadows,47.55,89.4,7.666667,0.955967,167.22,1989.267961,0.381927,3.481653,263.2974243,19.77777778,2226.444444,55.88888889,9.133333333,1.06566,139
ALT-098,Mountain meadows,47.966667,88.866667,5.666667,0.8514,133.423333,1995.441775,0.261483,2.40843,257.3965454,23.55555556,2203.888889,42.66666667,6.888888889,1.193215,109
XJYL-P145,Mountain meadows,43.280399,81.07244,9.333333,0.9987,55.616667,2036.772246,0.572287,4.980263,274.0450134,55.88888889,2261.666667,71.77777778,11.11666667,0.919886,18.11111111
NMG-P098,Temperate steppe,44.987944,115.370889,5.333333,1.282633,83.54,1601.779776,0.068737,0.582983,272.890564,35.11111111,2349.444444,111.1111111,16.71666667,0.6782,14.11111111
ALT-195,Desert steppe,46.516667,90.766667,4.666667,1.630433,134.6,676.843414,0.070817,0.49768,299.3345337,14,2325.777778,120.2222222,16.50555556,1.991628,25.88888889
ALT-196,Desert steppe,46.4,90.6,4.666667,1.631767,92.896667,634.783806,0.073471,0.430842,291.6066284,13.66666667,2345,126.7777778,17.07222222,0.984531,27.66666667
ALT-197,Desert steppe,46.516667,90.4,7.333333,1.393233,67.903333,1839.471729,0.10148,0.560781,292.5171204,15.55555556,2322.444444,115.7777778,15.91666667,0.941433,3.333333333
ALT-198,Desert steppe,46.15,90.95,3.666667,1.6478,2.6872,342.080988,0.031755,0.179796,278.0202026,12,2349.222222,136.2222222,17.83888889,0.882692,17.55555556
ALT-202,Desert steppe,46.2,90.483333,5.666667,1.850667,48.685833,859.41142,0.067218,0.271112,307.3724976,13.33333333,2353.777778,149,18.85555556,1.52282,26.22222222
ALT-210,Desert steppe,46.333333,90.083333,5,1.572433,171.116667,805.808847,0.055772,0.510525,295.2876282,14.11111111,2359.444444,150.4444444,18.85555556,0.69719,28.22222222
ALT-212,Desert steppe,46.583333,90.233333,6,1.534767,52.09,1126.883582,0.117638,0.81567,308.5877686,15.55555556,2328.888889,121.8888889,16.45555556,0.536879,10
NMG-P018,Temperate steppe,36.226583,107.648306,5.333333,1.243583,97.153333,1820.351915,0.076377,0.588998,273.1480103,101.2222222,2156.777778,91.66666667,20.41111111,0.328172,9.111111111
ALT-214,Desert steppe,46.683333,90.166667,6.666667,1.5532,55.563333,1246.785555,0.074979,0.654587,304.0195618,16.44444444,2313.777778,117.7777778,16.05555556,0.63053,29.33333333
NMG-P181,Temperate steppe,48.508,117.071111,5.333333,1.465133,373.396667,2005.472449,0.082852,0.596296,296.4856873,47,2182.333333,107.2222222,18.09444444,0.284045,47.66666667
ALT-220,Desert steppe,44.033333,90.05,3.333333,1.4309,54.833333,641.837493,0.041736,0.115427,272.6631775,14.77777778,2379.666667,189.2222222,21.37777778,0.616495,6.222222222
ALT-221,Desert steppe,43.733333,90.6,6.333333,1.475467,143.296667,1656.531863,0.079332,0.640949,281.1291199,17.66666667,2344.555556,142.1111111,17.11666667,0.470549,3.444444444
ALT-222,Desert steppe,43.733333,91.066667,6.333333,1.404933,155.83,2225.822531,0.062909,0.315518,288.1276855,14.55555556,2376.444444,153.8888889,18.02777778,1.068218,1
XJYL-P074,Mountain meadows,43.194099,84.339347,14.666667,0.6222,302.73,2081.545994,0.654518,6.700532,255.5174561,51.66666667,2259.333333,46.88888889,9.894444444,1.359112,11
NMG-P107,Temperate steppe,45.360806,117.063694,5.333333,1.251883,316.43,2539.723814,0.1854,1.655416,283.7037659,35.22222222,2311.111111,118.3333333,18.35,0.834554,76.22222222
NMG-P013,Desert steppe,38.936889,105.657639,7,1.604567,43.932,931.818412,0.040082,0.255528,278.2193298,30.11111111,2291.444444,171.5555556,20.78888889,0.450859,17.55555556
NMG-P015,Desert steppe,37.727528,106.447972,5.333333,1.368133,32.52,868.117871,0.065227,0.483086,285.7359009,42.11111111,2243.111111,136.2222222,21.09444444,0.367931,25.55555556
NMG-P084,Temperate steppe,42.344583,114.141722,5.666667,1.60255,55.303733,985.820267,0.087575,0.578997,280.5911255,46.33333333,2417.555556,133.3333333,18.66111111,0.702826,82.88888889
NMG-P127,Temperate steppe,43.833694,119.881333,5.666667,1.310317,145.416667,1177.951186,0.157877,1.154643,262.7884521,65.33333333,2352.555556,134,21.09444444,0.857754,25.55555556
NMG-P130,Temperate steppe,44.887806,121.284278,5.666667,1.386083,48.196667,1201.659605,0.152167,1.229127,267.1135254,75,2338.888889,123.2222222,21.23888889,0.805087,16.33333333
NMG-P017,Temperate steppe,36.825778,107.137917,5.666667,1.2468,104.383333,1723.569601,0.100472,0.682585,282.136261,74.44444444,2178.777778,98.22222222,19.75,0.271312,10.55555556
NMG-P182,Temperate steppe,48.279778,117.291083,5.666667,1.49135,297.373333,1871.341255,0.146019,1.1177,296.7858276,47.55555556,2179.666667,105.5555556,17.83888889,0.468233,8.555555556
XJYL-P006,Temperate steppe,43.537801,81.308689,5.666667,1.105167,333.91,2691.62442,0.356633,3.077308,267.5862122,40.66666667,2327.222222,146,18.46666667,1.291731,53.77777778
NMG-P122,Temperate steppe,44.4785,117.289833,5.666667,1.139217,357.263333,2764.141864,0.18828,1.536466,281.3812866,44.44444444,2329.555556,105.2222222,17.23333333,0.62532,27.66666667
NMG-P024,Lowland meadows,38.081778,107.645806,1.333333,1.486183,155.866667,290.266667,0.023739,0.085132,279.7105713,57.77777778,2264.444444,132.2222222,20.2,0.374495,22.44444444
NMG-P025,Desert steppe,38.522,107.264417,6.666667,1.3346,57.03,1237.659363,0.053219,0.411041,285.7552795,48.11111111,2232.777778,137.6666667,19.91111111,0.343488,15.55555556
NMG-P026,Desert steppe,38.9225,107.565972,5.666667,1.555317,14.184,671.294694,0.04444,0.286912,279.8971863,48.11111111,2257.888889,153.7777778,20.75,0.439036,24.44444444
NMG-P027,Desert steppe,39.167083,107.930583,5,1.51295,52.321667,2156.167059,0.129033,0.878493,292.1203003,53.44444444,2275.111111,144,19.62222222,0.309734,6.444444444
NMG-P028,Desert steppe,39.208806,107.281611,5.333333,1.498883,76.696,1375.760723,0.075946,0.469468,280.8721619,40.11111111,2298.111111,154.1111111,20.58888889,0.639214,7.222222222
NMG-P032,Desert steppe,41.306083,107.0785,4.333333,1.39535,47.826667,1322.568508,0.209795,1.674645,268.6234741,28.66666667,2360.444444,148.1111111,18.63333333,0.43081,10.55555556
NMG-P037,Desert steppe,41.642194,108.45725,7.333333,1.654067,97.636667,2554.988139,0.076245,0.545005,269.1132202,36.44444444,2424.333333,151.1111111,19.18888889,0.448426,18.44444444
NMG-P038,Desert steppe,41.390167,108.476028,6.333333,1.481217,68.7925,2301.665303,0.113802,0.803402,276.7633667,39.11111111,2387.777778,164.7777778,20.61111111,0.392927,22.22222222
NMG-P039,Desert steppe,40.238694,109.967417,5.333333,1.462717,44.695,1991.831989,0.044177,0.259118,280.4451904,67.22222222,2424,133.2222222,20.11666667,0.3615,31.88888889
NMG-P117,Temperate steppe,43.406944,116.896833,5.666667,1.1358,354.17,2954.133991,0.186908,1.62309,272.9133606,52.66666667,2351.333333,101.2222222,16.87222222,1.217432,54.77777778
ALT-166,Temperate steppe,47.266667,89.7,6,1.3639,76.42,554.343538,0.211767,2.424474,283.109436,16.22222222,2282.888889,113,15.45555556,0.740134,37.55555556
NMG-P021,Temperate steppe,37.334,108.944,6,1.399283,35.466667,1163.011634,0.05446,0.322071,278.8020935,94.22222222,2244.333333,115,19.33333333,0.871817,12.44444444
NMG-P043,Desert steppe,39.968694,108.570056,1.666667,1.5891,53.27,93.823333,0.049268,0.285445,282.2302551,52,2368.888889,148.7777778,20.37777778,0.26482,13.66666667
NMG-P044,Lowland meadows,40.482361,108.762778,2.333333,1.585367,107.859733,200.864533,0.024307,0.066963,278.9855042,48,2415,160,21.18888889,0.481809,17.22222222
NMG-P042,Temperate steppe,39.924222,109.098,6,1.6349,105.2,1381.908546,0.055556,0.331729,280.3585205,63.77777778,2365.333333,126.6666667,18.84444444,0.36877,21.88888889
NMG-P149,Temperate steppe,45.670194,116.396833,6,1.601783,101.176667,1467.32381,0.161552,1.45323,296.4739685,32,2314.222222,118.4444444,18.15,0.641254,10.22222222
NMG-P094,Temperate steppe,43.943722,114.714861,6,1.6807,233.536667,1500.125869,0.15099,1.40256,282.0922546,35.66666667,2385.222222,138.5555556,18.58888889,0.530996,17.22222222
NMG-P172,Temperate steppe,49.493306,117.701889,6,1.254733,309,1893.750583,0.110378,0.925443,280.5091553,62.88888889,2137.777778,95.77777778,17.2,0.311923,30.55555556
NMG-P049,Desert steppe,41.775972,109.829361,4,1.42235,64.106667,2699.836837,0.193841,1.545058,276.5870056,46.44444444,2396.444444,136,17.95,0.503876,11.11111111
NMG-P180,Temperate steppe,48.52675,116.668333,6,1.370183,128.506667,1942.791286,0.130936,1.062947,292.9131165,43,2199.555556,108.5555556,18.09444444,0.321047,28.77777778
NMG-P051,Desert steppe,42.51175,110.116333,4,1.61105,8.306667,1532.278383,0.091812,0.602439,290.3717346,30.88888889,2454.444444,167,20.18888889,0.239245,8.666666667
NMG-P052,Desert steppe,42.218556,109.9265,3.333333,1.625483,15.06,1839.188741,0.065537,0.424093,282.5934753,34.88888889,2448.444444,166.3333333,20.26111111,0.62829,8.888888889
NMG-P053,Desert steppe,41.952444,110.128222,5.666667,1.618433,25.47,1876.537621,0.152287,1.155347,282.6401367,42,2439.666667,144.7777778,18.69444444,0.421082,18.66666667
NMG-P167,Temperate steppe,48.722389,119.759222,6,1.351683,87.146667,1968.773115,0.172815,1.758259,275.275177,81.77777778,2066.222222,84,16.46111111,0.384939,42.88888889
NMG-P055,Desert steppe,40.352361,110.720833,3.666667,1.599767,47.019167,788.548519,0.04165,0.30094,272.178833,72.55555556,2431.333333,128.1111111,19.95555556,0.334167,28
NMG-P095,Temperate steppe,44.299139,115.045833,6,1.315817,54.063333,2399.746709,0.174017,1.475587,280.4244995,34.66666667,2380.666667,126.6666667,17.77777778,0.340966,124.3333333
NMG-P103,Temperate steppe,43.781556,115.510417,6,1.570083,219.32,2855.727813,0.109391,0.834443,274.0345764,39.55555556,2377.222222,130.8888889,18.48888889,0.984766,44.44444444
ALT-165,Temperate steppe,47.166667,89.766667,6.333333,1.428267,105.176667,666.447009,0.124692,1.058409,288.2105408,14.66666667,2325,125.8888889,16.89444444,0.66947,18.33333333
NMG-P056,Temperate steppe,40.057944,111.620278,6.333333,1.508233,212.927333,880.697747,0.037917,0.243737,276.7477417,80.33333333,2378.222222,123.7777778,19.43333333,0.586364,18.22222222
NMG-P080,Temperate steppe,42.906417,114.558333,6.333333,1.569333,162.5396,1256.730745,0.056517,0.440909,279.0687256,41.88888889,2411.666667,138,18.85,0.678236,19.22222222
XJYL-P102,Temperate steppe,43.119952,82.28028,6.333333,0.994633,134.666667,1290.350535,0.503274,4.477097,255.8917389,43.66666667,2345.222222,92.33333333,14.38333333,0.25134,8
XJYL-P104,Temperate steppe,43.110163,82.344,6.333333,1.015633,95.333333,1296.416656,0.169114,1.360671,257.8469849,42.88888889,2346.444444,103,15.47222222,0.517477,129.4444444
NMG-P016,Temperate steppe,37.255778,106.771444,6.333333,1.278933,20.653333,1369.242404,0.065096,0.432731,284.5316772,57.88888889,2204.444444,112.2222222,19.71111111,0.391625,32.22222222
ALT-167,Temperate steppe,47.033333,89.95,6.333333,1.293533,143.603333,1612.015412,0.172444,1.688593,272.7798157,15.66666667,2315.777778,114.4444444,15.67777778,0.582825,14.33333333
NMG-P166,Temperate steppe,48.721861,119.758694,6.333333,1.145383,289.86,1654.068208,0.154979,1.583049,275.275177,81.77777778,2066.222222,84,16.46111111,0.397105,11.77777778
NMG-P085,Temperate steppe,42.358583,113.492361,6.333333,1.51285,49.273467,1906.894628,0.107473,0.74416,296.2815247,43.11111111,2436.666667,140.7777778,18.82222222,0.285189,27.44444444
NMG-P067,Desert steppe,42.2625,110.992417,4.666667,1.45345,172.91,1223.419387,0.062229,0.400873,286.0669556,35.33333333,2424.555556,161.5555556,20.08333333,0.424469,5.333333333
NMG-P068,Desert steppe,42.670444,111.154667,2,1.495283,10.030133,20.060267,0.111948,0.755878,291.0059204,28.66666667,2474.777778,171.4444444,20.72222222,0.227619,3.888888889
NMG-P073,Desert steppe,44.010889,112.064972,4.333333,1.525667,78.406667,1262.067358,0.083431,0.59678,288.8542786,26.22222222,2440,153.5555556,19.43333333,0.468644,5.777777778
NMG-P074,Desert steppe,44.159583,112.060417,5,1.57635,48.896267,526.697963,0.054737,0.370998,300.7684326,26.11111111,2429.666667,157.8888889,19.87222222,0.461757,4
NMG-P075,Desert steppe,44.315861,112.084417,3,1.695967,10.116667,336.464689,0.060958,0.409772,298.4014587,25.55555556,2441.111111,154.5555556,19.68333333,0.184218,5.333333333
NMG-P076,Desert steppe,44.178306,112.244389,3.333333,1.4571,54.066667,772.959422,0.050258,0.319428,293.9986572,26.88888889,2433.333333,152.3333333,19.46111111,0.281832,5.333333333
NMG-P077,Desert steppe,44.003611,113.068944,3.333333,1.53965,91.25,1687.519813,0.095443,0.652747,285.804657,29.55555556,2435.666667,160.2222222,20.13888889,0.499449,5.333333333
NMG-P173,Temperate steppe,49.317722,117.541083,6.333333,1.22655,391.43,2010.668815,0.231828,2.03683,282.3847351,61.22222222,2141.333333,95.11111111,17.22777778,0.349689,8.555555556
NMG-P079,Desert steppe,43.288472,114.406472,4.666667,1.64935,101.656667,962.951548,0.030024,0.225026,286.2036133,37.55555556,2417.444444,157.1111111,20.04444444,0.230621,8.666666667
NMG-P184,Temperate steppe,48.106139,117.939583,6.333333,1.4223,301.526667,2032.103824,0.147326,1.33924,287.3551636,53.33333333,2160.888889,103,17.77222222,0.549545,8.444444444
NMG-P081,Desert steppe,42.727083,114.652,4.333333,1.643733,89.167333,720.08542,0.03223,0.185718,283.8577271,46,2378.111111,138,18.96666667,0.442128,11.77777778
XJYL-P125,Temperate steppe,42.578872,81.180959,6.333333,0.974533,87.8,2598.321707,0.339033,2.428232,259.2482605,48.55555556,2319.888889,79.11111111,10.59444444,1.737525,46.66666667
NMG-P105,Temperate steppe,45.098806,116.520167,6.333333,1.594367,28.333333,2717.049799,0.123971,1.018225,286.5501709,34.11111111,2339,127.1111111,18.88333333,0.557569,29.55555556
NMG-P148,Temperate steppe,45.705806,117.174083,6.333333,1.440783,104.66,2890.803282,0.115119,0.926202,271.2809143,36.88888889,2284.222222,104.7777778,16.91111111,0.98794,34.44444444
XJYL-P001,Temperate steppe,43.768516,80.756749,6.333333,0.9661,522.69,3221.687826,0.366249,3.548191,286.9917603,19.11111111,2395.777778,188.3333333,22.51666667,1.188714,41.77777778
NMG-P023,Temperate steppe,37.833722,108.083472,6.666667,1.538733,59.16,452.08383,0.036896,0.199385,278.1547852,70.33333333,2241.222222,129.1111111,20.22777778,0.352676,17.88888889
NMG-P087,Desert steppe,42.874639,112.560333,4.666667,1.4996,31.8,1007.770204,0.08716,0.672619,288.8430786,32.77777778,2468.666667,164,20.12222222,0.298462,11.44444444
NMG-P088,Desert steppe,42.566722,112.357667,7.333333,1.565117,84.9316,1558.157878,0.118179,0.837406,279.4881287,34.33333333,2457.888889,154.1111111,19.42222222,0.343326,16.88888889
NMG-P089,Desert steppe,42.124389,112.185583,4,1.519067,50.845,1679.26957,0.10326,0.734862,293.7604675,41.33333333,2408.333333,132.5555556,17.97777778,0.231554,10.77777778
NMG-P090,Lowland meadows,43.030694,112.835,4.333333,1.63035,30.2632,913.842281,0.077243,0.563969,292.4629211,32.55555556,2464.333333,167.5555556,20.46111111,0.348373,8.666666667
NMG-P091,Desert steppe,43.437306,113.121917,4.666667,1.59235,114.996667,2335.441681,0.10604,0.832575,294.0181274,31.55555556,2452.444444,163,20.16111111,0.394018,5.222222222
NMG-P092,Desert steppe,43.74525,113.497194,4,1.6336,35.7,1468.947674,0.089549,0.637759,284.2941895,31.22222222,2434.555556,159.6666667,19.98333333,0.319302,5.222222222
NMG-P093,Desert steppe,43.966667,114.197972,6.666667,1.546383,145.85,2062.957246,0.10887,0.812393,289.6147156,33.66666667,2399.555556,149.6666667,19.27777778,0.386633,4
ALT-164,Temperate steppe,46.966667,89.733333,6.666667,1.549667,162.66,823.456855,0.110921,0.888594,288.6583557,16.11111111,2317.222222,118.4444444,16.00555556,0.574439,20.88888889
NMG-P054,Temperate steppe,41.30175,110.987944,6.666667,1.613783,239.966667,1291.296916,0.098378,0.677826,275.8356628,56.88888889,2405.111111,118.2222222,17.08888889,0.675215,53.66666667
NMG-P096,Lowland meadows,44.673417,115.085972,5.666667,1.400217,31.453333,2408.840349,0.143514,1.165515,282.1030579,36.44444444,2335.444444,124.6666667,17.77222222,0.292054,19.77777778
ALT-159,Temperate steppe,47.383333,89.133333,6.666667,1.327267,142.406667,1788.781465,0.136558,2.145213,280.6496582,16,2310.333333,127.6666667,17.01666667,0.466485,9.555555556
NMG-P060,Temperate steppe,40.841778,113.923278,6.666667,1.4473,298.141667,1809.309638,0.144156,1.272295,277.1243591,65.11111111,2366.111111,114.4444444,18.31111111,0.273308,10.33333333
NMG-P101,Temperate steppe,44.147639,115.886806,6.666667,1.585467,253.66,1937.270147,0.130159,1.122733,272.650238,38.33333333,2368.777778,133.6666667,19.01666667,0.289975,30
NMG-P174,Temperate steppe,49.164444,117.393694,6.666667,1.310817,212.726667,1974.943799,0.076352,0.667376,283.7577515,57.11111111,2155.555556,91.88888889,17.01111111,0.080983,66.22222222
NMG-P058,Temperate steppe,39.829944,112.258333,6.666667,1.258617,322.1,1998.327446,0.088318,0.618666,275.102417,89.44444444,2326.555556,96.77777778,16.83888889,0.175388,120.1111111
NMG-P102,Lowland meadows,43.947556,115.697972,5.666667,1.580867,314.003333,2560.184504,0.13423,0.994617,272.8748779,39.44444444,2371,129.4444444,18.44444444,0.287791,4
NMG-P139,Temperate steppe,45.072944,119.003361,6.666667,1.224083,286.926667,2268.213698,0.148984,1.273288,268.2598877,59.88888889,2301.555556,92.66666667,16.43333333,0.309975,23.66666667
NMG-P178,Temperate steppe,48.770639,116.808833,6.666667,1.36055,265.436667,2550.441318,0.167906,1.349772,293.1540833,47.22222222,2182.555556,106.7777778,18.00555556,0.674666,48.22222222
NMG-P048,Temperate steppe,41.464472,109.974889,6.666667,1.409267,71.196667,2646.574087,0.121119,0.849166,296.993103,52.22222222,2401.777778,136.2222222,18.26666667,0.814668,50.44444444
NMG-P104,Temperate steppe,44.954444,116.231722,6.666667,1.497633,218.363333,2841.113034,0.116409,0.955743,284.4613037,34.55555556,2352.333333,131,19.03888889,0.959801,28.44444444
NMG-P121,Temperate steppe,44.395111,116.849306,6.666667,1.21355,104.11,2862.22327,0.157251,1.313047,276.6286011,42.11111111,2343.222222,113.2222222,17.72222222,0.75208,32.33333333
NMG-P119,Temperate steppe,43.915944,116.366833,7,1.490617,117.71,1134.756395,0.123887,1.008576,272.4735413,43.55555556,2362.555556,111.8888889,17.38333333,0.609033,10.88888889
NMG-P188,Temperate steppe,48.557944,118.649778,7,1.414767,260.406667,1150.670265,0.124054,1.056246,286.433075,66.77777778,2115.333333,92.44444444,16.9,0.963007,12.11111111
NMG-P110,Lowland meadows,44.376639,117.650611,6.333333,1.199883,233.026667,2758.295953,0.170161,1.464568,272.3901672,49.22222222,2321.222222,101.7777778,17.11111111,0.433,49.66666667
NMG-P111,Lowland meadows,44.089861,117.76375,5.666667,1.132567,24.4,1603.403641,0.226289,2.010898,272.4354553,53.22222222,2316.555556,100.6666667,17.00555556,0.324748,26.22222222
NMG-P100,Temperate steppe,44.5975,115.857583,7,1.595933,228.173333,1879.135804,0.128353,1.035522,279.891449,36.11111111,2362,127.1111111,18.36666667,0.234311,8.777777778
ALT-010,Temperate steppe,47.25,86.333333,7,1.4964,7.843333,2115.343748,0.122453,0.891376,279.9801025,36.44444444,2275.555556,123,16.72777778,0.352852,128.6666667
XJYL-P014,Temperate steppe,44.000523,81.852883,7,1.276733,360.626667,2194.780248,0.13152,1.02893,272.7633972,37.11111111,2345.444444,153.3333333,19.61666667,0.401725,35
NMG-P191,Temperate meadow steppe,49.58925,119.716,10.666667,1.039417,405.816667,1072.075231,0.298146,3.166343,276.1279907,83.77777778,2056.888889,74.44444444,15.57222222,0.315973,52.22222222
NMG-P116,Desert steppe,43.215111,117.25425,4.666667,1.535717,83.991667,2959.005584,0.117281,1.07048,274.9493408,57.11111111,2344.111111,96.11111111,16.67222222,0.384581,22.11111111
ALT-046,Temperate steppe,48.166667,86.366667,7,1.530033,146.976667,2241.094598,0.028197,0.24104,297.2737732,31.11111111,2343.666667,142.6666667,19.53888889,2.124485,22.44444444
NMG-P118,Desert steppe,43.650694,116.646944,5.666667,1.6749,157.84,1539.748159,0.089705,0.821167,274.5520325,48.22222222,2355.333333,106.7777778,17.20555556,0.257867,9.444444444
ALT-022,Temperate steppe,47.266667,85.883333,7,1.3628,49.956667,2369.769886,0.176861,1.44913,286.7914429,43.33333333,2264.333333,116.4444444,16.08333333,0.259015,39.77777778
NMG-P120,Lowland meadows,44.161556,116.37325,5.666667,1.22105,158.206667,2754.073906,0.175583,1.43157,272.7831421,41.55555556,2354.444444,121,18.11666667,0.341748,8.777777778
NMG-P063,Temperate steppe,41.237222,112.956833,7.333333,1.4701,263.07,1555.662029,0.170676,1.437646,260.2018433,64.77777778,2389.555556,108.3333333,16.42222222,0.394007,45.77777778
XJYL-P049,Temperate steppe,43.846813,82.702595,7.333333,1.057767,46.51,1556.970984,0.211578,1.862789,266.6695862,38.22222222,2362.555556,149.5555556,19.70555556,0.497734,67.33333333
NMG-P171,Temperate steppe,49.482556,118.427556,7.333333,1.488767,94.94,2071.401341,0.086562,0.66063,290.0596008,69,2118.222222,90.44444444,16.91666667,0.191299,27.22222222
NMG-P124,Lowland meadows,44.861183,118.592093,8,1.267883,296.006667,2214.301402,0.202341,1.948148,271.3497925,54.77777778,2313.111111,99.77777778,17.06111111,0.470145,60
NMG-P125,Lowland meadows,44.548083,118.666806,8.666667,1.324683,369.51,2574.799283,0.277438,2.642795,268.6051941,59.22222222,2298.555556,91.22222222,15.93888889,0.381498,53.11111111
NMG-P133,Temperate meadow steppe,46.737833,122.61775,6,1.3068,56.756667,1171.455728,0.226432,2.240619,278.5298157,95.11111111,2204.777778,101,19.88888889,0.389987,32.22222222
XJYL-P030,Temperate steppe,44.356395,80.457323,7.333333,1.169067,319,2108.699106,0.199218,1.686996,277.9846497,31.44444444,2333.111111,166.2222222,19.46666667,0.457633,159.2222222
XJYL-P086,Temperate steppe,43.269399,82.516617,7.333333,1.227267,67.08,2172.248942,0.188467,1.400157,266.4527893,31.44444444,2387.666667,168.6666667,21.32777778,0.151289,84.66666667
NMG-P045,Temperate steppe,40.968028,109.243361,7.333333,1.502183,56.683333,2225.343679,0.092586,0.636316,278.3302612,49.22222222,2406.333333,154.8888889,20.55555556,0.533941,24.77777778
ALT-045,Temperate steppe,48.25,86.316667,7.333333,1.3108,48.13,2452.628973,0.134003,1.230101,286.8352661,36.22222222,2316.222222,131.4444444,18.13888889,0.994176,43.55555556
NMG-P135,Temperate meadow steppe,46.271694,122.236972,6,1.314167,56.173333,1186.720053,0.136725,1.343041,277.9594116,93.44444444,2233.888889,98.22222222,19.27777778,0.452362,164.1111111
NMG-P137,Temperate meadow steppe,44.986611,120.350333,11.666667,1.468967,366.916667,1356.576262,0.138123,1.259973,261.8663635,72.44444444,2323,94.88888889,17.5,0.437035,167.8888889
NMG-P126,Temperate meadow steppe,44.347889,118.9465,7.333333,1.251267,142.046667,1393.600369,0.153008,1.451131,264.9522095,59.66666667,2319.333333,107.1111111,18.18333333,0.450697,165
NMG-P143,Temperate meadow steppe,45.555417,120.451444,5,1.330183,88.4,1455.307214,0.17924,1.754141,265.5400391,73.11111111,2286.666667,95.44444444,17.96666667,0.331629,151.2222222
NMG-P152,Temperate meadow steppe,46.0865,117.977194,7.333333,1.414017,146.733333,1833.018057,0.106406,0.836715,274.4180908,45.88888889,2245.111111,100.6666667,16.76666667,0.287918,154.1111111
XJYL-P038,Temperate meadow steppe,43.76419,82.368094,6.666667,1.1237,35.62,1869.231769,0.191225,1.62787,279.1961365,34.44444444,2363.444444,160.2222222,20.55555556,0.252101,90
NMG-P138,Lowland meadows,45.264694,119.970667,6,1.372933,85.58,933.397218,0.133536,1.224777,265.8544617,69.77777778,2294.666667,94.66666667,17.31111111,0.369424,41
NMG-P177,Temperate steppe,49.139139,116.972972,7.333333,1.321967,176.18,2470.871966,0.232136,2.119964,288.3822327,53.33333333,2164.222222,99.55555556,17.22222222,0.810215,39.33333333
NMG-P155,Temperate meadow steppe,46.603678,118.849173,9.333333,1.434567,132.033333,1931.749008,0.121236,1.054361,274.7540588,59,2192.444444,89.77777778,16.10555556,0.384381,65
NMG-P115,Temperate meadow steppe,43.312625,117.560527,8.333333,1.294883,286.08,1946.363787,0.107229,0.910539,268.265625,57.66666667,2341,100.3333333,17.40555556,0.692693,78.22222222
NMG-P156,Temperate meadow steppe,46.62375,118.924667,6.333333,1.392583,107.556667,1953.50879,0.152177,1.470912,275.2728271,60,2192.555556,84.22222222,15.75555556,0.390146,83.55555556
NMG-P175,Temperate meadow steppe,49.339861,117.205528,7.666667,1.293483,402.25,1974.619027,0.213592,1.953102,282.1856689,58,2152.777778,93.66666667,16.77222222,0.165446,49.66666667
NMG-P140,Temperate meadow steppe,45.199444,119.246194,6.666667,1.231467,269.236667,2095.10976,0.167008,1.800432,277.2651062,62,2295.555556,92.44444444,16.49444444,0.302474,45.55555556
NMG-P144,Temperate meadow steppe,45.759861,119.491333,7.333333,1.266933,150.12,2173.055248,0.111632,1.012278,271.7585754,64.66666667,2259.555556,91.55555556,16.43333333,0.268461,34.55555556
NMG-P146,Lowland meadows,45.751889,118.464778,7,1.461417,104.283333,1674.528898,0.149481,1.298451,278.6460266,50.11111111,2270.333333,100.8888889,17.18888889,0.28051,22.88888889
NMG-P192,Temperate meadow steppe,49.880722,119.986083,10,1.050067,110.423333,2211.053673,0.356265,4.266854,274.0006714,89.11111111,2020.555556,64.88888889,14.45555556,0.233713,24.66666667
NMG-P059,Temperate steppe,39.994972,112.720194,7.333333,1.480083,227.179167,2585.841561,0.05281,0.451511,273.7831421,84.55555556,2340.111111,100.2222222,17.18888889,0.894314,35.55555556
NMG-P123,Temperate steppe,44.759444,118.12025,7.333333,1.2042,382.896667,3036.626299,0.212331,2.003784,274.0360107,49.88888889,2311.555556,101.3333333,17.03333333,1.122691,56.77777778
XJYL-P134,Temperate steppe,43.180128,81.408971,7.666667,0.941067,77.556667,1250.198593,0.723384,6.351015,274.5994263,41,2351.555556,115.6666667,16.11666667,0.810984,18.77777778
ALT-059,Temperate meadow steppe,48.233333,86.95,13.333333,1.003133,113.06,2290.160175,0.26663,2.547103,276.6611023,32.88888889,2300.666667,110.8888889,15.68333333,0.189859,30.88888889
XJYL-P013,Temperate meadow steppe,44.04116,81.843643,11.666667,1.246067,207.36,2317.546976,0.287461,2.517372,266.9837952,44.44444444,2319.333333,118.7777778,16.73888889,0.138064,40.33333333
NMG-P153,Lowland meadows,46.22736,118.469962,6.333333,1.399283,88.213333,1201.334832,0.108635,0.87522,281.4386597,52,2230.111111,99.88888889,16.98333333,0.154733,47.22222222
NMG-P154,Lowland meadows,46.362944,118.630083,8.666667,1.46765,105.3,2131.159548,0.103433,0.828417,280.2226257,54.11111111,2224.111111,96.88888889,16.83333333,0.181629,56.77777778
ALT-058,Temperate meadow steppe,48.233333,87.1,14,0.942467,45.25,2445.155408,0.423567,4.331649,282.0779114,32.55555556,2282.555556,108.4444444,15.23333333,0.242509,61.55555556
XJYL-P037,Temperate meadow steppe,43.960341,82.363197,7,1.215333,137.756667,2474.977252,0.261002,2.333166,270.3681946,46.11111111,2325.888889,126.6666667,17.49444444,0.698912,132.1111111
NMG-P157,Lowland meadows,46.562472,119.35275,9.333333,1.286267,281.146667,2355.252826,0.325874,3.874839,269.0187683,68.66666667,2176,76.44444444,14.84444444,0.714217,177.4444444
NMG-P142,Temperate meadow steppe,45.6515,119.859889,13,0.979117,199.006667,2686.196377,0.281663,3.265252,267.9540405,71.66666667,2255,88.33333333,16.23333333,0.62473,162.2222222
NMG-P160,Lowland meadows,46.295417,120.84775,6.666667,1.267033,21.78,1053.887951,0.259645,2.613289,264.7385559,84.55555556,2216.777778,84.33333333,16.81666667,0.163169,147.4444444
NMG-P162,Lowland meadows,47.7055,119.294361,7.333333,1.41365,128.156667,2317.903946,0.080147,0.703192,270.0286255,72.88888889,2111.333333,80.33333333,15.53333333,0.414732,45.88888889
ALT-213,Temperate steppe,46.783333,90.1,7.666667,1.425433,55.19,1302.024946,0.089676,0.62456,289.1260071,16.77777778,2300.444444,113.3333333,15.55555556,0.616545,92.88888889
NMG-P164,Lowland meadows,47.933111,119.536472,10.666667,1.354067,230.22,1388.404003,0.10691,1.128433,273.4185486,77.88888889,2085.888889,79.77777778,15.6,0.393005,190.7777778
NMG-P193,Temperate meadow steppe,50.199667,119.535972,5.666667,1.31125,110.826667,2794.020968,0.24344,2.518147,278.6726074,81.33333333,2061.111111,78.33333333,16.03888889,0.470653,159.2222222
NMG-P061,Temperate steppe,40.709806,113.166472,7.666667,1.412033,207.265,1522.210424,0.064225,0.513673,279.282959,71.77777778,2373.333333,110.2222222,17.47222222,0.370732,6.555555556
NMG-P150,Temperate steppe,45.659778,116.777028,7.666667,1.219033,273.173333,1842.111697,0.273554,2.581181,273.3868713,33.55555556,2300.888889,112.5555556,17.57222222,0.277765,8.222222222
NMG-P168,Lowland meadows,49.34475,119.464667,7.333333,1.248583,237.73,2067.504066,0.187259,1.825327,279.7338562,78.44444444,2086,77.22222222,16.04444444,0.383956,128.6666667
NMG-P112,Temperate steppe,43.528222,118.608222,7.666667,1.179233,142.18,2100.306126,0.079588,0.519046,261.1325989,57,2356.333333,126.8888889,20.32222222,0.2805,195.3333333
ALT-047,Temperate steppe,48.183333,86.633333,7.666667,1.5261,54.316667,2243.044223,0.071528,0.61358,289.5519714,31.66666667,2321.777778,135.6666667,18.43888889,0.33595,7.111111111
XJYL-P126,Temperate steppe,42.596711,81.112375,7.666667,1.1273,56.2,2437.425076,0.529985,4.089115,255.8568573,48.55555556,2298.666667,82.11111111,11.37222222,0.6521,150.8888889
NMG-P108,Temperate steppe,45.074806,117.277194,7.666667,1.496583,123.416667,2571.876328,0.125152,1.039406,280.6516418,38.77777778,2318.666667,112.8888889,17.98888889,0.691392,64.33333333
NMG-P114,Temperate steppe,42.792806,118.540222,7.666667,1.218517,320.796667,2620.592258,0.103087,0.790949,271.2364502,60.22222222,2339.444444,111.6666667,19.12777778,0.677761,34.33333333
NMG-P190,Temperate steppe,49.052056,119.554889,7.666667,1.217283,382.2,2647.223633,0.186969,1.934324,282.592804,79.66666667,2079.888889,79.66666667,16.01666667,0.632323,54
NMG-P159,Temperate meadow steppe,46.424389,120.357667,8.666667,1.05805,305.2,2833.968031,0.338526,4.032504,263.7500305,82.66666667,2195,83,15.98888889,0.358128,28.44444444
ALT-009,Temperate steppe,47.133333,86.583333,7.666667,1.212667,12.843333,3735.482601,0.215991,1.632761,262.5793152,35.55555556,2260.444444,125.8888889,17.00555556,1.126937,56.66666667
NMG-P099,Temperate steppe,44.822528,115.782194,8,1.343467,141.433333,1557.935439,0.126656,0.984039,273.1800537,34.66666667,2361.444444,129.7777778,18.56111111,0.471031,27.44444444
NMG-P062,Temperate steppe,40.352944,113.245639,8,1.372,119.46,1565.080442,0.080977,0.686077,273.3831177,74.88888889,2360.555556,118.1111111,18.68333333,0.552482,32.33333333
NMG-P179,Lowland meadows,48.366028,116.206194,6.333333,1.50285,230.766667,1172.105274,0.131563,0.972577,296.2599792,37.66666667,2218.333333,110.6666667,18.12777778,1.102857,7.222222222
XJYL-P042,Temperate steppe,43.714692,82.750538,8,1.528033,155.936667,1691.003365,0.162838,1.36529,250.4252777,35.55555556,2373.111111,157.1111111,20.39444444,0.162713,15.55555556
NMG-P183,Temperate steppe,47.994361,117.586333,8,1.523317,264.556667,1839.838287,0.127647,1.022198,293.858429,48.77777778,2174.444444,106,17.95555556,0.292064,6.111111111
XJYL-P029,Temperate steppe,44.379606,80.445186,8,1.175967,204.853333,1949.824516,0.187708,1.561192,267.9310303,35.77777778,2313.888889,155.4444444,18.41111111,0.482817,8.555555556
NMG-P163,Temperate steppe,47.837889,118.925361,8,1.528083,194.096667,2371.816242,0.202983,1.962077,279.3267212,65.33333333,2130.333333,93,16.78888889,0.380095,37.22222222
ALT-034,Temperate steppe,48.283333,86.733333,8,1.281933,65.416667,4272.604446,0.225062,2.249797,260.4121094,34.22222222,2305.333333,120.2222222,16.77222222,2.183685,42.22222222
ALT-194,Temperate steppe,46.65,90.783333,8.333333,1.5452,252.242667,1343.161189,0.149226,1.197596,278.4693298,16.44444444,2278.444444,101,14.51111111,0.352332,41.77777778
NMG-P186,Lowland meadows,48.0355,118.527889,8.666667,1.340683,303.106667,2101.605217,0.156255,1.343633,286.7972717,60.77777778,2131.111111,95,17.02777778,0.099586,36.66666667
NMG-P187,Lowland meadows,48.273889,118.473694,5.333333,1.554483,66.32,1365.020357,0.032348,0.226085,284.4997559,62.44444444,2125.222222,94.33333333,16.99444444,0.28853,58.44444444
ALT-186,Temperate steppe,46.95,90.216667,8.333333,1.173,42.556667,1545.078268,0.203536,1.721426,280.5094299,17.11111111,2279.777778,92.77777778,13.55,0.363016,31.33333333
NMG-P176,Temperate steppe,49.479806,117.210917,8.333333,1.300183,424.359167,1984.686985,0.166241,1.608208,285.6730652,60.11111111,2149,88.44444444,16.16666667,0.384967,83.11111111
ALT-020,Temperate steppe,47.216667,86.116667,8.333333,1.388833,37.82,2206.97615,0.229277,1.785001,272.0421143,41.77777778,2261.333333,113.6666667,15.74444444,0.202098,23.77777778
NMG-P147,Temperate meadow steppe,45.698833,117.882778,7.333333,1.377117,217.983333,2844.360762,0.151819,1.297113,270.7860718,43.22222222,2278.777778,106.2222222,17.56111111,0.713651,176.8888889
NMG-P145,Temperate meadow steppe,45.798139,119.018361,12,1.3111,272.48,2869.0435,0.223072,2.163368,276.8424683,57.66666667,2261.888889,96.22222222,16.83333333,0.490744,202.3333333
NMG-P134,Temperate meadow steppe,46.577417,122.509694,9,1.10705,81.47,2888.205099,0.330304,3.624379,274.9992065,94.11111111,2217.222222,101.2222222,19.83333333,0.490588,202.3333333
NMG-P194,Lowland meadows,50.199222,119.537333,13,1.13365,424.4,2679.700919,0.241339,2.619157,278.6726074,81.33333333,2061.111111,78.33333333,16.03888889,0.489042,254.8888889
NMG-P195,Lowland meadows,50.189694,120.009639,6.666667,1.19455,229.22,1916.159911,0.184948,1.622219,272.1042786,86.66666667,2025.666667,71.66666667,15.45555556,0.942129,557.2222222
NMG-P196,Lowland meadows,50.811861,119.945417,5.666667,1.353133,125.83,2524.784262,0.427717,5.077032,260.4626465,90.11111111,2000.666667,62.22222222,14.04444444,0.950036,454.2222222
NMG-P197,Lowland meadows,50.594139,120.141028,13.666667,1.187617,373.663333,2212.352765,0.399713,4.467289,264.3987122,89.44444444,2005.555556,65.55555556,14.68333333,1.03046,43.55555556
NMG-P109,Temperate steppe,44.774722,117.443694,8.333333,1.35575,296.546667,2397.473298,0.101085,0.735486,278.174469,42.44444444,2322.111111,107.8888889,17.56666667,0.36626,119.1111111
XJYL-P002,Desert steppe,43.789794,80.76278,4.666667,1.354833,31.993333,2765.284458,0.067801,0.533087,281.7468567,19.11111111,2395.777778,188.3333333,22.51666667,0.700567,29.55555556
NMG-P097,Temperate steppe,45.039528,115.204333,8.333333,1.338417,87.606667,2598.832476,0.198683,1.747822,272.8623047,35.66666667,2348.333333,108,16.26666667,0.96665,31.44444444
NMG-P113,Temperate steppe,43.198694,118.291722,8.333333,1.21255,342.440833,2605.327933,0.074887,0.51807,268.1333923,58,2353.888889,119.8888889,19.83888889,0.752539,33.33333333
XJYL-P005,Desert steppe,43.630797,81.250538,2.333333,1.526767,35.783333,1695.336309,0.14262,1.0648,282.1983337,26,2386.333333,176.1111111,21.30555556,0.738694,32.22222222
XJYL-P041,Temperate steppe,43.734359,82.599032,8.666667,1.248133,120.156667,1557.837572,0.203233,1.660835,264.0890808,35.11111111,2381.777778,143.8888889,19.49444444,0.447351,62.11111111
XJYL-P054,Mountain meadows,43.666893,84.280206,14.333333,0.761633,269.666667,2083.568034,0.919208,8.648913,262.9976807,62.22222222,2234.555556,42.77777778,8.238888889,0.651434,31.88888889
XJYL-P008,Desert steppe,43.563759,81.515833,8.666667,1.4324,79.04,1748.775943,0.12426,0.93614,277.2128296,30.88888889,2379.444444,168.6666667,20.73888889,0.859357,39
XJYL-P009,Desert steppe,43.687908,80.84295,4.666667,1.5167,78.696667,1773.329289,0.081961,1.018086,314.2496338,21.66666667,2401.111111,192.2222222,22.43333333,0.817225,44.77777778
XJYL-P056,Mountain meadows,43.770298,83.639137,12.666667,0.804133,91.666667,2087.612115,0.634222,5.917617,263.7711182,54.77777778,2296.111111,47.44444444,10.32777778,1.194565,111.3333333
XJYL-P146,Mountain meadows,43.340991,81.048081,9.333333,0.836933,33.22,2096.566865,0.602963,5.212141,268.7209167,66.88888889,2216.777778,54,8.272222222,0.77942,72.33333333
XJYL-P012,Desert steppe,44.053958,81.312219,6.333333,1.2749,33.366667,1778.817684,0.132084,1.033088,265.664856,24.11111111,2389.444444,174.2222222,21.37777778,1.089498,59.33333333
NMG-P141,Temperate meadow steppe,45.399139,119.642194,12.666667,1.175483,368.63,2930.750345,0.227507,2.41615,265.9766541,67.66666667,2283.777778,90.44444444,16.37777778,0.810088,52.33333333
ALT-021,Temperate steppe,47.25,85.883333,8.666667,1.275267,30.92,2244.019036,0.177121,1.287517,265.4058228,47.22222222,2245.666667,97.88888889,14.07777778,0.193991,17.55555556
XJYL-P015,Desert steppe,43.935463,81.721326,4.333333,1.516533,96.943333,1830.813005,0.12426,1.05914,258.0681152,27.88888889,2387.222222,172,21.35555556,0.808612,48.44444444
XJYL-P016,Desert steppe,43.934872,81.830958,1.666667,1.2648,14.51,1875.875616,0.123617,0.908561,278.8642273,28.66666667,2389.888889,169.5555556,21.11666667,1.031759,68.11111111
XJYL-P039,Mountain meadows,43.689666,82.37677,7.333333,1.102067,94.653333,2098.011179,0.251475,2.146318,262.7718811,41.11111111,2344.333333,144.1111111,19.03888889,1.050105,62.55555556
ALT-063,Mountain meadows,48.533333,87.116667,12.666667,0.850033,214.803333,2109.169934,0.577491,5.394083,248.1892395,37.33333333,2239.222222,70,11.35,0.851504,60.66666667
ALT-153,Mountain meadows,47.6,89.716667,7,1.058833,115.64,2111.769435,0.345799,3.324014,266.2537842,17,2253.222222,62.44444444,10.47777778,0.979443,72
ALT-093,Mountain meadows,47.95,88.4,6.333333,0.778133,72.723333,2160.835012,0.395477,4.180645,258.520874,30.22222222,2177.888889,45.55555556,6.938888889,0.892461,70.55555556
XJYL-P098,Temperate steppe,43.108515,81.898042,8.666667,1.095033,16.32,2309.458815,0.174345,1.314959,273.55896,33.66666667,2387.111111,159.2222222,19.96666667,0.329982,24.44444444
XJYL-P023,Desert steppe,44.031745,81.479716,6.333333,1.306733,50.8,595.635282,0.100019,0.697189,262.1401062,26.44444444,2374.666667,171.5555556,21.22222222,0.706615,41.77777778
XJYL-P027,Desert steppe,44.287495,80.416091,5,1.251267,51.016667,1787.772434,0.080605,0.522046,268.9577942,22.55555556,2369.333333,179.5555556,21.11111111,0.696712,54.44444444
XJYL-P090,Mountain meadows,43.351527,81.845307,9.666667,1.3334,56.68,2166.182821,0.267356,2.642617,262.3203735,42.33333333,2323.333333,117.5555556,16.75555556,0.669236,54.44444444
ALT-015,Temperate steppe,47.266667,85.75,8.666667,1.253933,36.573333,2473.100041,0.251275,2.14582,280.5501709,46.88888889,2245.555556,111.2222222,15.51111111,0.766712,37.11111111
XJYL-P003,Temperate steppe,43.518493,81.125534,8.666667,1.088667,202.296667,2819.590681,0.270324,2.430751,265.3600159,36.44444444,2339.222222,158.3333333,19.40555556,0.934138,28.22222222
XJYL-P053,Mountain meadows,43.67282,84.409561,11,0.427067,192.666667,2176.870748,0.693517,7.495151,272.0007324,73.33333333,2181.444444,31.66666667,5.994444444,1.000943,47.66666667
XJYL-P033,Desert steppe,43.966932,80.584579,3.666667,1.144533,33.75,1421.783151,0.560272,4.974586,285.9611816,17.55555556,2399.222222,189.8888889,22.54444444,0.704594,42.33333333
ALT-014,Temperate steppe,47.233333,85.716667,8.666667,1.209833,240.216667,4392.506419,0.533023,4.642203,262.3293762,54.22222222,2209.111111,83.88888889,12.46666667,0.97561,40.55555556
XJYL-P035,Desert steppe,43.937495,82.040052,6.333333,1.249,37.67,2064.503084,0.220915,1.861242,259.1544189,32.66666667,2374.222222,162.1111111,20.52777778,0.725358,45.88888889
XJYL-P048,Temperate steppe,43.876767,82.760696,9,1.053633,216,1581.813192,0.308379,3.139157,269.5026855,40.55555556,2356.555556,133.3333333,18.48333333,0.976898,20.11111111
NMG-P165,Temperate meadow steppe,48.25425,119.750583,11.666667,0.996167,369.066667,2970.372634,0.203199,2.391014,266.7287292,82.66666667,2075,75.11111111,15.28333333,1.054599,29.22222222
ALT-154,Mountain meadows,47.366667,89.633333,7.333333,1.219733,98.616667,2194.642646,0.26492,2.46777,265.9675293,16.66666667,2275.666667,99.22222222,14.31111111,0.862299,31.55555556
ALT-215,Temperate steppe,46.666667,90.316667,9,1.434533,185.11,1812.176971,0.038671,0.251489,304.6040344,15.22222222,2326,124.5555556,16.85555556,0.134364,11.66666667
XJYL-P092,Temperate steppe,43.286916,81.811575,9.333333,1.193733,65.92,1245.287924,0.15675,1.323462,273.4298401,34.88888889,2366.666667,153.1111111,19.68888889,0.998265,57.88888889
XJYL-P040,Temperate steppe,43.866393,82.505661,9.333333,1.074933,42.003333,1884.252639,0.220792,1.887495,279.6095886,35.33333333,2374.555556,151.5555556,19.92222222,0.311657,9
NMG-P189,Temperate steppe,48.925222,119.041139,9.333333,1.248067,365.4,2465.350827,0.151236,1.320943,279.9394226,74.22222222,2096,85.44444444,16.35,0.632295,28.33333333
ALT-033,Temperate steppe,48.433333,86.716667,9.333333,1.509667,34.686667,2811.360078,0.219495,1.903228,288.4052734,36,2297.444444,108.4444444,15.56111111,1.015689,34.77777778
ALT-189,Temperate steppe,46.783333,90.5,9.666667,1.653067,100.033333,1131.432708,0.177955,1.524306,300.3814087,15.55555556,2301.555556,115.3333333,15.95,0.724164,12.33333333
XJYL-P073,Mountain meadows,43.172746,84.360264,13.666667,0.5456,111.23,2209.223392,0.868283,9.04006,255.9862976,51.66666667,2259.333333,46.88888889,9.894444444,1.044651,289.1111111
ALT-152,Mountain meadows,47.633333,89.75,6.666667,0.918467,122.136667,2232.971158,0.434804,4.257547,267.0028076,18.44444444,2225.222222,57.55555556,9.655555556,1.749937,234.6666667
ALT-030,Mountain meadows,48.75,86.883333,10,0.962633,37.42,2233.296095,0.653391,6.384793,265.1708984,42,2249.333333,57.22222222,9.616666667,1.284957,249.5555556
ALT-111,Mountain meadows,47.95,87.6,6.666667,1.666667,171.388667,2260.297847,0.103629,0.846723,292.3988037,24.44444444,2303.111111,125.1111111,17.23888889,1.337489,108.6666667
XJYL-P099,Temperate steppe,43.097068,81.993969,10,0.998333,94.99,1163.539726,0.5075,4.363222,265.197876,37.66666667,2372.666667,140.4444444,18.4,0.704642,35.33333333
XJYL-P007,Mountain meadows,43.476233,81.301039,6.333333,0.803933,306.666667,2265.840519,0.396032,3.555614,260.9079285,49.66666667,2289.777778,90.55555556,13.55,1.684046,98.77777778
XJYL-P036,Temperate steppe,43.975616,82.161409,10,1.107433,187.623333,1863.454511,0.181503,1.46929,270.2795715,39.44444444,2347.333333,147.7777778,19.28333333,0.418751,8.666666667
XJYL-P059,Mountain meadows,43.506432,84.437398,11.333333,1.125167,64.333333,2270.751188,0.222957,1.942101,274.4093628,72.22222222,2173.333333,30.11111111,5.777777778,1.559979,251.6666667
XJYL-P063,Mountain meadows,43.411275,84.37586,9,0.740533,102,2279.128212,0.312494,2.843123,258.6071167,58.33333333,2223.666667,45.11111111,9.155555556,1.129774,228.2222222
ALT-148,Mountain meadows,47.316667,89.35,10,1.174833,108.54,2288.877374,0.319802,3.162466,270.8044434,16,2311,118.6666667,15.97777778,1.092133,240.2222222
XJYL-P028,Mountain meadows,44.410706,80.433457,8.666667,0.903767,200.81,2302.814969,0.213675,1.789529,278.134491,35.77777778,2313.888889,155.4444444,18.41111111,1.013221,240.2222222
XJYL-P051,Mountain meadows,43.721131,84.43781,9.666667,0.8739,64.333333,2362.609587,0.204408,1.734998,280.5901184,82.33333333,2152.555556,20.55555556,3.35,1.362679,184.8888889
ALT-096,Mountain meadows,48.05,88.933333,6.666667,0.718367,192.07,2481.873356,0.648927,6.15342,259.2810059,21,2216.888889,47.77777778,7.85,1.215072,73.55555556
XJYL-P065,Mountain meadows,43.165208,83.925951,12.333333,0.497333,68.666667,2482.487687,0.368327,3.315183,254.927948,71,2161,26.22222222,5.794444444,0.920213,73.55555556
XJYL-P060,Mountain meadows,43.484671,84.44231,8,0.681267,36,2602.943513,0.256597,2.263616,286.7333679,77.33333333,2151.333333,27.33333333,4.866666667,1.302296,358
XJYL-P062,Mountain meadows,43.454901,84.420121,9.666667,0.7499,95,2617.67552,0.326543,2.960108,266.1062317,70.88888889,2162.333333,35,6.811111111,0.720161,12.88888889
XJYL-P020,Mountain meadows,44.196973,81.618294,8.333333,0.8766,34.326667,2628.65231,0.137931,1.007454,259.0555725,47.55555556,2309.555556,105,15.15,1.385603,36.11111111
XJYL-P117,Mountain meadows,42.632355,80.20756,5.333333,1.1559,83.666667,2655.227696,0.570584,5.050234,261.9918823,56.22222222,2302.777778,89.33333333,11.57777778,1.337243,65.33333333
XJYL-P019,Mountain meadows,44.264347,81.723468,10,0.872733,78.55,2733.50954,0.396463,3.713108,260.1309814,47.77777778,2295.222222,94.44444444,14.40555556,1.114646,60.66666667
XJYL-P061,Mountain meadows,43.471903,84.444448,8,0.7123,34.333333,2748.819273,0.216293,1.827118,267.107605,77.33333333,2151.333333,27.33333333,4.866666667,1.175635,60.66666667
XJYL-P047,Temperate steppe,43.779292,82.900561,10,1.113233,255.976667,2182.936869,0.282084,2.401912,262.9641724,39.22222222,2357.777778,142.3333333,19.24444444,0.205436,30.11111111
XJYL-P079,Desert steppe,43.396486,82.885284,3.333333,1.311267,128.23,1057.815908,0.143708,1.066699,271.9315491,29.22222222,2398.222222,181,22.35,0.731474,32.88888889
XJYL-P080,Desert steppe,43.416913,82.600245,1.333333,1.3589,52.133333,1394.052313,0.09579,0.578561,283.7459106,27.22222222,2408.666667,178.3333333,22.22777778,0.722445,31
XJYL-P082,Desert steppe,43.264633,82.591701,9,1.1749,73.36,1244.710198,0.194152,1.574616,261.8358459,33.11111111,2375.111111,164.8888889,21,0.86558,29.66666667
ALT-185,Temperate steppe,47.033333,90.25,10.666667,1.2512,51.76,1739.39095,0.202316,1.798197,268.9557495,17.44444444,2264,75.22222222,11.97222222,0.34152,10
NMG-P170,Temperate steppe,49.358694,118.934528,10.666667,1.323033,248.896667,1955.457428,0.14897,1.371314,279.3075256,74.55555556,2097.222222,87,16.6,0.353397,9.222222222
XJYL-P085,Desert steppe,43.306642,82.529905,8,1.2274,104.88,2323.324234,0.153387,1.134651,279.8887024,31.22222222,2386.222222,172.3333333,21.58888889,0.737448,29.33333333
ALT-225,Temperate steppe,43.55,93.366667,11,1.657933,341.9,1622.505695,0.092255,0.709872,274.5041199,21.33333333,2385.555556,115.2222222,14.59444444,0.413862,16.55555556
XJYL-P088,Desert steppe,43.516521,81.922191,4.333333,1.221767,64.093333,2055.259471,0.122908,0.8349,285.4450684,27.66666667,2393.888889,176.7777778,21.81111111,0.813693,20.33333333
XJYL-P084,Temperate steppe,43.100745,82.686964,11,1.047,374.946667,1831.679593,0.23417,2.029004,255.7194214,39.88888889,2346.777778,103.3333333,15.87777778,0.257732,8.555555556
XJYL-P118,Mountain meadows,42.651529,80.224885,7.333333,1.077667,59.04,2844.144027,0.614606,5.703071,263.5810852,56.33333333,2304.555556,88.33333333,11.45,0.447573,30.55555556
XJYL-P018,Mountain meadows,44.2792,81.784725,11.666667,0.726633,359.226667,2873.030316,0.638021,5.668591,256.5585938,49.11111111,2290.111111,88.66666667,13.83888889,1.173036,32.66666667
XJYL-P135,Temperate steppe,43.158987,81.458222,11.333333,1.121533,130.08,924.361252,0.463985,4.08111,266.6844482,38.22222222,2370.777778,127.1111111,17.13888889,1.298657,83.66666667
XJYL-P052,Mountain meadows,43.691819,84.422383,12.666667,0.502533,152.333333,2928.203128,0.72023,6.500061,272.0007324,77.22222222,2168.444444,26.88888889,4.95,0.855846,36.88888889
ALT-180,Temperate steppe,46.516667,90.033333,11.333333,1.986167,246.683333,1353.690024,0.086837,0.715143,292.8424377,14.33333333,2360.444444,139.2222222,17.93888889,0.208423,29.88888889
ALT-187,Temperate steppe,46.9,90.3,11.666667,1.523167,109.08,1835.572478,0.183297,1.666792,283.5625,15.66666667,2307.111111,111,15.50555556,0.365352,6.111111111
XJYL-P115,Temperate steppe,43.213727,81.627149,11.666667,1.003967,127.816667,2777.127836,0.598964,5.441792,267.6522217,37.55555556,2365.777778,145.4444444,18.80555556,0.746042,30.11111111
XJYL-P105,Temperate steppe,42.910241,81.627124,12,0.842467,113.53,1099.98989,0.351336,3.159454,256.5386353,47.33333333,2331.666667,78.88888889,12.20555556,0.488314,56.66666667
XJYL-P113,Temperate steppe,43.298147,81.701423,12,0.9957,226.17,2694.801912,0.400798,3.319918,262.789978,41.55555556,2335.777778,116.4444444,16.63888889,0.80118,30.33333333
XJYL-P127,Temperate steppe,42.677593,81.097105,12,1.0126,172.266667,2914.626572,0.352385,2.943353,255.7294006,47.44444444,2334,77.55555556,11.51666667,0.797437,58
XJYL-P110,Desert steppe,43.218414,82.323485,7.666667,1.374367,50.003333,1749.064806,0.163097,1.259349,273.1583862,29.55555556,2398.888889,163.5555556,21.01666667,0.926795,29.33333333
XJYL-P111,Desert steppe,43.243673,82.239825,5.666667,1.3965,26.52,1803.082167,0.165131,1.135888,277.9829407,29.33333333,2397.555556,158.2222222,20.60555556,0.791743,29.33333333
XJYL-P112,Desert steppe,43.244015,81.982072,11,1.3682,53.546667,2302.237243,0.18084,1.123878,273.2792969,30.33333333,2395.111111,142.4444444,19.42777778,0.953968,26.66666667
XJYL-P089,Temperate steppe,43.429158,81.899545,12.333333,1.347367,95.333333,1858.832705,0.334459,2.936875,264.1256714,35.55555556,2348.222222,155.1111111,19.89444444,0.293602,8.333333333
XJYL-P114,Desert steppe,43.205249,81.640601,8.666667,1.132733,74.806667,1682.626341,0.229066,1.679107,270.0323486,35.11111111,2377.555556,151.5555556,19.33333333,0.854078,35.22222222
ALT-156,Temperate steppe,47.250554,89.939174,12.666667,1.0998,237.916667,2222.573155,0.051655,0.419815,262.4220581,15.33333333,2308.444444,108.6666667,15.31111111,0.479587,23.11111111
ALT-184,Mountain meadows,47.133333,90.233333,11.666667,0.904133,81.14,2975.128627,0.374538,3.576232,255.2542114,20.11111111,2215.888889,55.44444444,9.327777778,1.50792,52.77777778
ALT-100,Mountain meadows,47.6,88.7,5.666667,1.166867,150.953333,3127.158821,0.33787,3.464844,251.0331726,17.88888889,2304.222222,124,16.78888889,1.724832,55.66666667
ALT-019,Mountain meadows,47.183333,86.1,9,0.698467,137.286667,3605.8325,0.554631,5.174429,264.5083313,46.33333333,2239.777778,90.66666667,13.2,0.997864,45.55555556
XJYL-P034,Temperate steppe,43.97073,82.041172,12.666667,1.172033,137.6,2758.640611,0.150781,1.32812,259.1544189,35.88888889,2357.777778,154.8888889,19.87777778,1.146012,21.66666667
XJYL-P128,Temperate steppe,42.912737,81.284295,13,0.923467,93.18,1949.535653,0.674113,6.221623,261.6989746,36.11111111,2392.333333,121.6666667,16.73333333,0.24039,11.22222222
XJYL-P055,Temperate steppe,43.721074,83.919329,13.666667,0.7755,305.666667,1701.980155,0.929181,8.980371,251.8835144,51.55555556,2298.444444,53.55555556,11.15,0.31995,11.55555556
XJYL-P022,Temperate steppe,44.077071,81.527113,13.666667,1.229033,177.846667,2715.311178,0.302602,2.826915,272.1799011,29.55555556,2361.777778,167.2222222,20.77222222,1.003581,33.55555556
XJYL-P130,Temperate steppe,42.742591,80.929792,14.666667,0.994,17.89,1129.742768,0.72781,6.53619,260.8035583,47.11111111,2347.222222,81.44444444,12.20555556,0.450438,32.33333333
XJYL-P057,Temperate steppe,43.725955,83.619657,14.666667,0.855,318.333333,1965.423112,0.825715,7.492395,252.9536743,48.55555556,2326,58.44444444,12.00555556,0.351925,33.88888889
XJYL-P120,Temperate steppe,42.685694,80.353704,14.666667,0.8876,282.166667,2688.735792,0.481186,4.336175,258.4306335,44,2357.666667,114.4444444,15.08333333,0.465213,42.55555556
XJYL-P083,Temperate steppe,43.172552,82.609932,16.333333,1.009033,338.53,1987.954417,0.301066,2.582235,251.0694427,37.44444444,2366.777778,125.1111111,17.95,0.258119,110.5555556
ALT-029,Mountain meadows,48.833333,86.916667,7.666667,0.9176,35.166667,3798.845432,0.502636,4.623523,255.0505829,40.55555556,2259.333333,69.44444444,11.47222222,0.947852,43.11111111
ALT-031,Mountain meadows,48.683333,86.766667,12.333333,0.730467,444.84,4029.876062,0.779077,7.64744,265.9432068,38.55555556,2282.888889,67.22222222,11.86666667,1.222642,48.77777778
ALT-012,Mountain meadows,47.15,85.6,11,0.542733,12.72,4094.213706,0.546283,5.935578,269.5838623,70.77777778,2133.888889,31.11111111,4.95,0.92239,64.77777778
ALT-032,Mountain meadows,48.616667,86.7,12,0.811733,237.246667,4307.697707,0.620316,6.426673,269.2851868,41.33333333,2271.222222,86,13.15555556,1.504123,49.11111111
ALT-011,Mountain meadows,47.183333,85.65,11,0.6579,248.836667,4643.033305,0.439545,4.227037,261.2315979,63.66666667,2164.666667,46.66666667,7.727777778,1.818191,68.44444444
